,dp_id,MissedWeeds,MissedCrop,CasW,WasC,FPWeed,FPCrop,Total,labeled_instances,actual_instances
0,5ec1f531910b34a89dd9480d,1,0,0,4,0,1,6,18,23
1,5ebbb33a2c4373c4398c56fb,1,0,0,0,0,0,1,3,4
2,5ebbb33a2c4373c4398c56fa,0,0,0,0,0,0,0,3,3
3,5ebceff6078f937420863495,0,0,0,3,0,0,3,1,4
4,5ec49c9bce7cf4e480e10d71,0,0,0,0,0,0,0,4,4
5,5ebd4980604644c3647efa52,1,0,0,0,0,0,1,8,9
6,5ebe083b07ee37d451f8fe7a,1,0,0,0,0,0,1,6,7
7,5ebceb1d35eebb729bd6f590,0,0,0,1,0,0,1,1,2
8,5ebbb33a2c4373c4398c5702,1,0,0,1,0,1,3,1,3
9,5ebe3227db3477e211b9aa31,0,0,0,0,0,0,0,1,1
10,5ebe5e10ab2be5a00004ec1b,0,0,0,1,1,0,2,8,8
11,5ebd225f4aff6fb933dbe3a8,0,0,0,0,0,0,0,9,9
12,5ebcf305c334223a91efc148,0,0,0,0,0,0,0,4,4
13,5ebbb33a2c4373c4398c573f,1,0,0,0,0,0,1,1,2
14,5ebcd6b653836479e618adb3,0,0,0,0,0,0,0,3,3
15,5ebdf0796b7d85af7cd2c0cf,0,0,1,0,0,0,1,7,6
16,5ec226d36604adfac6667d99,0,0,0,0,0,0,0,4,4
17,5ec21f756359d31e7cb9d9a2,0,0,0,0,0,0,0,6,6
18,5ec3bd8c7c80a3a8c8ef80ab,0,0,0,0,0,2,2,11,11
19,5ec3596fa18ce0e0987d7f18,0,0,0,0,0,3,3,30,30
20,5ec4983dce7cf4e480e0ff39,0,1,1,0,3,0,5,21,17
21,5ebe07f366d119dc7475556f,0,0,0,0,2,0,2,6,4
22,5ebbb33a2c4373c4398c5734,1,0,0,0,0,0,1,3,4
23,5ebbb33a2c4373c4398c5731,1,1,1,3,0,0,6,20,23
24,5ebbb33a2c4373c4398c572e,0,0,0,0,0,0,0,3,3
25,5ec2221e3649bd8c29f13396,0,0,0,0,1,0,1,3,2
26,5ebbb33a2c4373c4398c572c,0,1,0,0,0,0,1,1,1
27,5ebe4ec9f79df00551b2b057,0,0,0,0,1,0,1,2,1
28,5ebce8e74d34dfbe04ffe235,1,0,0,1,1,0,3,6,7
29,5ebbb33a2c4373c4398c5728,0,0,0,0,2,0,2,4,2
30,5ebe3f7b991db14f90c96e72,0,2,2,0,0,0,4,2,0
31,5ebebb1a5629dedf83d2a194,0,0,1,0,0,0,1,1,0
32,5ebcdcbac3545e0a2b3ddcb2,1,1,0,0,0,0,2,7,8
33,5ebe2b217885091f5a30fd44,0,0,3,0,0,0,3,14,11
34,5ec1eaafb119229974d6cd23,0,0,0,0,1,0,1,10,9
35,5ebe09681844e3a1e61dc681,0,0,0,0,0,0,0,1,1
36,5ebe527839ab43ca89af781b,0,0,0,0,0,0,0,1,1
37,5ebbb33a2c4373c4398c5725,0,0,0,0,0,0,0,4,4
38,5ebdf1edd4cd52293b2f432d,0,0,0,0,0,0,0,3,3
39,5ebbb33a2c4373c4398c5722,0,0,0,1,0,0,1,4,5
40,5ebbb33a2c4373c4398c5721,5,3,5,1,0,0,14,14,15
41,5ebcf2ab4f193b44f8737676,0,0,2,6,1,1,10,28,31
42,5ec38a728651567b2371ff97,1,0,1,0,0,0,2,12,12
43,5ebbb33a2c4373c4398c5711,1,0,0,0,0,0,1,4,5
44,5ebbb33a2c4373c4398c570f,0,0,0,0,0,0,0,5,5
45,5ebbb33a2c4373c4398c570e,0,0,3,0,0,0,3,6,3
46,5ec223586359d31e7cb9d9db,0,0,0,0,0,0,0,1,1
47,5ebcd33ebac8c190195ee42f,1,0,9,0,0,0,10,9,1
48,5ec1c5254ddd2e50e4c4e1c5,1,0,0,0,7,5,13,19,13
49,5ed4db266537439635b47f4b,2,0,1,3,0,0,6,29,33
50,5ec1c5254ddd2e50e4c4e1c0,0,0,0,0,1,0,1,44,43
51,5ec1c5254ddd2e50e4c4e1be,5,0,0,0,0,0,5,52,57
52,5ec387e236eaac597f26805b,0,0,0,0,1,0,1,28,27
53,5ec1c5254ddd2e50e4c4e1c7,1,0,1,0,0,0,2,34,34
54,5ed50d123a3d80ea4c1a9ce5,2,0,0,0,0,0,2,18,20
55,5ec1c5254ddd2e50e4c4e1c2,0,0,0,2,0,0,2,10,12
56,5ec361e258df86426989d0ff,1,0,3,0,0,0,4,41,39
57,5ec1c5254ddd2e50e4c4e1b5,1,2,0,4,0,0,7,26,31
58,5ec1c5254ddd2e50e4c4e1b1,0,0,0,2,0,0,2,29,31
59,5ec35a9100234be236cd424e,0,0,2,1,0,0,3,48,47
60,5ec3475d471f610747610100,1,0,0,3,0,1,5,27,31
61,5ec49812ce7cf4e480e0ff01,0,0,1,0,0,0,1,26,25
62,5ec2354442aff3be11840f5f,1,0,1,0,0,0,2,28,28
63,5ec1c5254ddd2e50e4c4e1d5,0,2,0,0,0,1,3,24,24
64,5ec22d3d4bd5bb9e40b27f02,1,0,3,0,0,0,4,27,25
65,5ec1c5254ddd2e50e4c4e1b0,6,0,1,5,0,0,12,10,20
66,5ec1c5254ddd2e50e4c4e190,0,0,0,2,0,0,2,8,10
67,5ec36f4e7ab9110b6697889f,0,0,0,2,0,1,3,16,18
68,5ec376c49b3c72156c124305,1,0,0,0,0,5,6,18,19
69,5ec1c5254ddd2e50e4c4e18b,1,0,0,0,1,1,3,13,13
70,5ec1c5254ddd2e50e4c4e18a,0,0,0,4,0,0,4,22,26
71,5ec485c1ce7cf4e480e0e490,1,0,0,0,2,0,3,37,36
72,5ecdcfb3d1660d46c37b276c,0,0,1,0,0,0,1,31,30
73,5ec1c5254ddd2e50e4c4e187,0,0,0,0,0,0,0,19,19
74,5ec1c5254ddd2e50e4c4e184,0,0,0,1,0,0,1,22,23
75,5ec4b6abce7cf4e480e12bba,0,0,0,0,0,0,0,21,21
76,5ec479bfce7cf4e480e0dfed,0,0,0,0,0,0,0,12,12
77,5ec1c5254ddd2e50e4c4e1a6,0,0,0,0,0,0,0,13,13
78,5ec1c5254ddd2e50e4c4e1a5,0,1,0,0,0,0,1,13,13
79,5ec25d60bb093ff00415c135,0,0,0,0,0,0,0,22,22
80,5ecf708700a5cc68b9b12841,0,0,0,0,0,0,0,26,26
81,5ec48eedce7cf4e480e0edd5,0,0,1,0,0,0,1,23,22
82,5ec4adecce7cf4e480e12347,2,0,0,0,0,0,2,30,32
83,5ec38da866a29e02d2fe0556,0,4,0,0,0,0,4,36,36
84,5ec1c5254ddd2e50e4c4e19c,2,0,0,1,0,0,3,35,38
85,5ec34461ec34c1fae310b542,0,0,0,0,0,0,0,51,51
86,5ec1c5254ddd2e50e4c4e1aa,0,3,0,0,0,0,3,41,41
87,5ec1c5254ddd2e50e4c4e1a9,1,0,0,0,0,0,1,18,19
88,5ec1c5254ddd2e50e4c4e19d,3,0,0,0,0,0,3,18,21
89,5ec1c5254ddd2e50e4c4e191,0,0,0,0,0,0,0,16,16
90,5ec8a58c06bb85a26fd27c58,0,0,0,0,0,0,0,18,18
91,5ec1c5254ddd2e50e4c4e22c,1,0,0,0,0,0,1,17,18
92,5ec37f598eaeb2a4937c4d0e,1,0,0,0,0,0,1,69,70
93,5ec1c5254ddd2e50e4c4e25a,0,0,0,0,0,0,0,41,41
94,5ec1c5254ddd2e50e4c4e257,0,0,0,0,0,0,0,33,33
95,5ec396330a8e278e82681993,0,0,0,0,1,0,1,27,26
96,5ec1c5254ddd2e50e4c4e251,0,0,0,0,0,0,0,26,26
97,5ec3a11cc5b2b97b221d4000,0,0,0,0,0,0,0,14,14
98,5ec48004ce7cf4e480e0e1b1,0,0,0,0,1,0,1,17,16
99,5ec1c5254ddd2e50e4c4e24c,0,0,0,0,0,0,0,18,18
100,5ec4900cce7cf4e480e0eeea,0,0,0,0,0,0,0,30,30
101,5ec1c5254ddd2e50e4c4e265,0,0,0,0,0,0,0,18,18
102,5ec36d1e9c261ff1dc8f1000,0,0,0,0,0,0,0,27,27
103,5ec36f674666a792300ea39a,0,0,0,0,0,0,0,24,24
104,5ec1c5254ddd2e50e4c4e261,0,0,0,0,0,0,0,24,24
105,5ec39c5eea1db5f149bedcbb,0,0,0,0,0,0,0,18,18
106,5ec3551b6cfe76e3c2d3fc3c,0,0,0,1,0,0,1,17,18
107,5ecddeeae58895f6daeb073f,0,0,0,0,0,0,0,24,24
108,5ec3665eb7b2a4d7f4361bdc,0,0,0,0,0,0,0,18,18
109,5ec2000d06d0fdb647bd1ff7,0,0,0,0,0,0,0,10,10
110,5ec1c5254ddd2e50e4c4e203,0,0,0,0,0,0,0,5,5
111,5ec1c5254ddd2e50e4c4e202,0,0,0,0,0,0,0,11,11
112,5ec1c5254ddd2e50e4c4e201,0,0,0,0,0,0,0,15,15
113,5ec34d49748112b6107a1e3e,0,0,0,0,0,0,0,13,13
114,5ec1c5254ddd2e50e4c4e1ff,0,0,0,0,0,0,0,10,10
115,5ec4159171595e229ac70895,0,0,0,0,0,0,0,25,25
116,5ec3481b1a6aa0d9a6f1275c,0,0,0,0,0,0,0,18,18
117,5ec3862fae78b728f996f65d,0,0,0,1,0,1,2,12,13
118,5ec3539fbdbad04e46a391e8,0,0,0,0,0,0,0,12,12
119,5ec1c5254ddd2e50e4c4e1f9,0,0,0,1,2,0,3,13,12
120,5ec1c5254ddd2e50e4c4e1f8,1,0,0,2,0,0,3,21,24
121,5ec35ea5e259c773903f9745,0,0,0,1,0,0,1,10,11
122,5ec1c5254ddd2e50e4c4e21b,0,0,0,0,0,0,0,8,8
123,5ec1c5254ddd2e50e4c4e21a,0,0,0,0,0,0,0,10,10
124,5ec1c5254ddd2e50e4c4e218,1,0,0,0,0,0,1,13,14
125,5ec34937130bc81f9c32a16e,0,0,0,0,0,0,0,20,20
126,5ec34a8d1a6aa0d9a6f1278a,0,0,0,0,0,0,0,18,18
127,5ec1c5254ddd2e50e4c4e215,0,0,0,0,0,0,0,20,20
128,5ec1c5254ddd2e50e4c4e212,0,0,0,0,0,0,0,17,17
129,5ec1c5254ddd2e50e4c4e210,0,0,0,0,0,0,0,52,52
130,5ec5dbdaad147c1941a853e4,0,0,0,0,0,0,0,51,51
131,5ec3780095a225616122e581,0,0,0,0,0,0,0,43,43
132,5ec346d7748112b6107a1d82,0,0,0,0,0,0,0,22,22
133,5ec1c5254ddd2e50e4c4e21e,0,0,3,0,1,0,4,24,20
134,5ec345ea96155c674e9cd983,0,0,0,1,0,0,1,10,11
135,5ec1c5254ddd2e50e4c4e211,0,0,0,0,0,0,0,7,7
136,5ec34149617f979679528487,0,0,0,1,0,0,1,12,13
137,5ec1c5254ddd2e50e4c4e247,0,0,0,0,0,0,0,16,16
138,5ec333e3b7f1f68bd9365daa,0,0,0,0,0,0,0,10,10
139,5ec4b00ece7cf4e480e125a9,0,0,1,0,0,0,1,10,9
140,5ec26252c9fc2d5b4fd0d5f7,0,0,0,0,0,0,0,17,17
141,5ec397780a8e278e826819a4,0,0,0,2,0,0,2,13,15
142,5ec1c5254ddd2e50e4c4e241,0,0,0,0,1,0,1,17,16
143,5ec1c5254ddd2e50e4c4e23f,0,0,0,0,0,0,0,33,33
144,5ec496f7ce7cf4e480e0fd5e,0,0,0,0,0,0,0,22,22
145,5ec1c5254ddd2e50e4c4e23c,0,0,0,0,0,0,0,46,46
146,5ec36a6196155c674e9cdbf2,0,0,0,0,0,0,0,53,53
147,5ec34be9ce41e15139524d9d,2,0,0,0,0,0,2,53,55
148,5ec1c5254ddd2e50e4c4e27c,0,0,0,0,0,0,0,27,27
149,5ec1c5254ddd2e50e4c4e27b,0,0,0,2,0,0,2,15,17
150,5ec1c5254ddd2e50e4c4e27a,1,0,0,0,0,0,1,28,29
151,5ec1c5254ddd2e50e4c4e279,0,0,0,0,0,0,0,15,15
152,5ec396b888a698ac8e803900,0,0,1,0,0,0,1,22,21
153,5ec1c5254ddd2e50e4c4e276,1,0,0,0,0,0,1,21,22
154,5ec1c5254ddd2e50e4c4e274,0,0,0,2,0,0,2,15,17
155,5ec24492d3ed629e3dea84e9,0,0,0,0,0,0,0,12,12
156,5ec1c5254ddd2e50e4c4e26e,0,0,1,0,0,0,1,24,23
157,5ec48b65ce7cf4e480e0e9ef,0,0,0,0,0,0,0,21,21
158,5ec4964fce7cf4e480e0fca2,0,0,0,0,0,0,0,19,19
159,5ec1c5254ddd2e50e4c4e269,0,0,0,0,0,0,0,8,8
160,5ec34c15e323fba40e29150f,1,0,0,3,0,0,4,13,17
161,5ec36e9368b2b38062e2613a,0,0,0,0,0,0,0,24,24
162,5ec23c9659ace122641fe6c0,0,0,1,0,0,0,1,17,16
163,5ec34c0ee323fba40e29150a,1,0,0,1,0,0,2,11,13
164,5ec48e65ce7cf4e480e0ed30,0,0,0,1,0,0,1,21,22
165,5ec226d3728e05b76cab7ca1,0,0,0,0,0,0,0,6,6
166,5ec36673e9936971d3f64038,0,0,0,0,0,0,0,6,6
167,5ec1c5254ddd2e50e4c4e267,0,0,0,0,0,0,0,41,41
168,5ec35cb8fff055e23a575553,2,0,0,0,0,0,2,46,48
169,5ec35936fff055e23a57552c,0,1,0,0,0,0,1,17,17
170,5ec1c5254ddd2e50e4c4e178,0,0,0,0,0,0,0,42,42
171,5ec368815b42580bd632b6d1,0,0,0,0,0,0,0,26,26
172,5ec1c5254ddd2e50e4c4e16c,0,0,0,0,0,1,1,12,12
173,5ec34ddffefe11dba1f22cc7,0,0,0,0,0,0,0,3,3
174,5ec1c5254ddd2e50e4c4e176,0,0,0,0,0,0,0,8,8
175,5ec2174090713e8b26322e63,0,0,1,0,0,0,1,15,14
176,5ec1c5254ddd2e50e4c4e1ec,0,0,0,2,0,0,2,42,44
177,5ec49620ce7cf4e480e0fc7a,3,0,0,1,0,0,4,43,47
178,5ec1c5254ddd2e50e4c4e1e2,1,0,0,1,0,0,2,32,34
179,5ec3a04af74039079431d7cf,0,0,1,1,0,0,2,34,34
180,5ec1c5254ddd2e50e4c4e1f4,0,0,3,0,0,0,3,27,24
181,5ec1c5254ddd2e50e4c4e1f2,0,0,0,0,0,0,0,4,4
182,5ec345cbeb3c5c2d4d3c3db4,0,0,0,0,0,0,0,6,6
183,5ec365b278428c2a8594e71d,0,0,1,0,2,0,3,16,13
184,5ec22877c8b1fa5908bf7447,1,0,0,0,0,0,1,14,15
185,5ec1c5254ddd2e50e4c4e160,0,0,1,0,0,0,1,23,22
186,5ec1c5254ddd2e50e4c4e15e,0,2,0,0,1,0,3,6,5
187,5ec3c03588a698ac8e803c31,0,1,0,0,2,0,3,4,2
188,5ec1c5254ddd2e50e4c4e15c,0,0,0,0,2,0,2,11,9
189,5ed72bbaf011b5d3c876df7c,1,0,0,0,0,0,1,11,12
190,5ec1c5254ddd2e50e4c4e159,0,0,0,0,0,0,0,16,16
191,5ec6018999776a1a80ca908f,0,0,0,0,1,0,1,29,28
192,5ec48ccdce7cf4e480e0ebb2,1,0,0,0,0,0,1,21,22
193,5ec8a36b6afe4bb02b4bc5ba,0,0,0,0,0,0,0,28,28
194,5ec382848ce9e78bf9fd4d48,9,1,0,0,0,0,10,18,27
195,5ec3ab4585843944fc3c4631,4,0,0,0,0,0,4,25,29
196,5ec35a675de77edd8ca45c0b,3,0,2,1,5,0,11,42,39
197,5ec1c5254ddd2e50e4c4e12a,2,0,2,0,0,2,6,33,33
198,5ec1c5254ddd2e50e4c4e128,1,0,1,0,0,1,3,43,43
199,5ec38e15880d83c3c0a4430e,2,0,0,0,1,0,3,32,33
200,5ec4a633ce7cf4e480e11c61,1,0,1,1,1,3,7,20,20
201,5ec35e626d2075dd105aafe6,1,0,0,0,0,0,1,21,22
202,5ec1c5254ddd2e50e4c4e132,0,0,0,0,0,0,0,16,16
203,5ec1c5254ddd2e50e4c4e12f,0,2,0,1,0,0,3,6,7
204,5ec3ac6c8bd6eeb59bd3e779,1,0,0,1,0,0,2,11,13
205,5ec1c5254ddd2e50e4c4e141,0,0,0,0,0,0,0,7,7
206,5ec3795fa63dcfde9766b37f,1,0,1,0,0,0,2,26,26
207,5ec36a1b7ab9110b66978860,3,1,0,0,0,0,4,18,21
208,5ec1c5254ddd2e50e4c4e13d,7,0,0,0,0,0,7,25,32
209,5ec1c5254ddd2e50e4c4e13c,1,0,0,1,0,1,3,13,15
210,5ec1c5254ddd2e50e4c4e13b,0,0,0,1,2,0,3,26,25
211,5ec4ad04ce7cf4e480e12265,3,0,0,2,0,0,5,35,40
212,5ec365ee79fe82118b8dfde7,7,0,0,0,0,0,7,48,55
213,5ec24b76f43326768b40b905,15,1,1,1,0,0,18,22,37
214,5ec5781268d373ba5bd7432b,1,2,5,0,7,0,15,13,2
215,5ecf6dd527f11d3c5c0931f9,0,2,0,0,0,0,2,2,2
216,5ed77b2201acc36a879bc38f,0,0,1,1,0,0,2,2,2
217,5ec3a8d4a2ac22245c05223a,0,0,0,0,0,0,0,3,3
218,5ec3a8d4a2ac22245c052231,1,0,1,0,0,0,2,2,2
219,5ece2ae3131b770cf4828b7e,0,0,0,0,1,0,1,2,1
220,5ec484a4ce7cf4e480e0e384,0,0,0,0,0,0,0,1,1
221,5ec7985e214ead7cb6917091,0,0,0,0,1,0,1,6,5
222,5ed09d316bffef8452ef5440,0,1,0,0,0,1,2,1,1
223,5ec3a8d4a2ac22245c052258,0,0,1,1,0,0,2,4,4
224,5ec3a8d4a2ac22245c052255,0,0,0,0,0,0,0,1,1
225,5ec5781268d373ba5bd74354,0,0,0,0,0,0,0,3,3
226,5ed49ee1b3feb2bef87ef244,0,0,0,1,0,0,1,1,2
227,5ed469e1f9a116c31a7df94c,0,0,0,0,1,0,1,1,0
228,5ed77ac48b8ca25866ed2f03,0,0,0,0,0,0,0,1,1
229,5ed736158e0acd99214654f5,0,0,1,0,0,0,1,2,1
230,5ec5781268d373ba5bd7431f,0,0,0,1,1,0,2,1,1
231,5ed5b19744839ebc15d2bd86,0,0,0,0,1,0,1,3,2
232,5ec4cb50ce7cf4e480e136a7,0,0,0,0,0,2,2,1,1
233,5ec3a8d3a2ac22245c052181,0,0,0,0,0,0,0,1,1
234,5ec3a8d3a2ac22245c052180,0,1,0,0,0,0,1,1,1
235,5ece08b7b4e922596694724c,0,0,0,0,0,0,0,2,2
236,5ec4e7f6ce7cf4e480e1400c,0,0,0,0,0,0,0,1,1
237,5ec3a8d3a2ac22245c052192,0,0,0,0,0,0,0,1,1
238,5ec3a8d3a2ac22245c05218c,0,0,0,0,0,0,0,4,4
239,5ed072f5de6dcd2680869549,0,0,0,0,1,0,1,3,2
240,5ed059d9fdc89b2c5d6345d1,0,0,0,0,0,0,0,2,2
241,5ec3a8d3a2ac22245c052194,0,0,0,0,0,0,0,1,1
242,5ec4d395ce7cf4e480e13a2e,0,0,0,0,0,0,0,1,1
243,5ed5bc0ba73992ccf55ed725,0,1,0,0,0,0,1,2,2
244,5ec5781268d373ba5bd74274,1,0,0,0,0,0,1,2,3
245,5ec5781268d373ba5bd74273,0,4,0,0,0,1,5,2,2
246,5ec5781268d373ba5bd7426d,0,0,1,0,0,1,2,3,2
247,5ec5781268d373ba5bd7426c,0,1,0,0,2,0,3,2,0
248,5ec5781268d373ba5bd7427c,0,0,0,0,0,0,0,1,1
249,5ed467cf0b7fb01a68bc7c35,0,0,0,0,0,0,0,1,1
250,5ed5ac7dda2a0ba85d404706,0,1,0,1,0,6,8,3,4
251,5ed85ac69c483303d9acf022,0,0,0,0,0,3,3,3,3
252,5ec5781268d373ba5bd74292,0,1,0,0,1,0,2,1,0
253,5ec5781268d373ba5bd74216,0,0,0,0,0,26,26,1,1
254,5ec5781268d373ba5bd74214,0,1,0,0,0,7,8,1,1
255,5ecfd76f4c7ca238d5de60c4,1,1,0,0,0,15,17,1,2
256,5ed4a342862cb59f8561bbd7,0,0,0,0,0,1,1,1,1
257,5ed75bdabb95eb6d7a911bf1,0,1,0,0,0,8,9,2,2
258,5ec5781268d373ba5bd74242,0,0,0,0,0,10,10,4,4
259,5ec5781268d373ba5bd7423a,0,0,0,0,1,18,19,3,2
260,5ed4ce6dc86c9648bd82c500,0,0,0,0,3,16,19,14,11
261,5ed7668465e594ccac9d89c7,0,0,0,0,0,5,5,2,2
262,5ec5781268d373ba5bd7424f,1,0,0,0,0,1,2,3,4
263,5ec5781268d373ba5bd74249,1,0,0,0,0,2,3,3,4
264,5ec5781268d373ba5bd7425d,0,0,0,0,0,7,7,1,1
265,5ecf6c409981aedc24360931,0,0,0,0,0,1,1,1,1
266,5ec5781268d373ba5bd74381,0,0,1,0,2,3,6,7,4
267,5ed4b8e3ce042db6b4bdadf5,0,0,2,0,0,0,2,2,0
268,5ed45ad950c268ebb180eef6,0,0,0,0,0,0,0,1,1
269,5ecf8510366f1ff82459f89c,0,0,0,0,0,0,0,1,1
270,5ec5781268d373ba5bd74389,0,0,0,0,1,0,1,1,0
271,5ed475f251972f4d1eb86351,0,0,1,0,0,0,1,1,0
272,5ec5781268d373ba5bd7439b,0,0,0,0,0,0,0,3,3
273,5ed476f051972f4d1eb86359,0,0,1,0,0,0,1,1,0
274,5ec5781268d373ba5bd74398,0,0,1,0,0,0,1,1,0
275,5ed5b03f44839ebc15d2bd7b,1,0,0,0,0,0,1,1,2
276,5ec5781268d373ba5bd7433d,1,0,0,0,0,0,1,2,3
277,5ec5781268d373ba5bd742cf,0,0,0,0,0,0,0,4,4
278,5ec5781268d373ba5bd742cd,0,0,0,0,0,0,0,2,2
279,5ec5781268d373ba5bd742c5,0,0,0,0,0,0,0,1,1
280,5ec5781268d373ba5bd742c4,0,1,1,0,0,0,2,8,7
281,5ed0c74925dd714bc9e4853c,0,1,1,0,2,0,4,12,9
282,5ed5b31296a981642fbbc0c1,0,0,1,0,0,0,1,2,1
283,5ed61e0ffeb36d76a1478cfb,0,0,0,0,0,0,0,1,1
284,5ed47490d170d7ed48525ee7,0,0,2,0,0,0,2,2,0
285,5ed0b8ca087de58927ccbbf6,0,0,1,0,0,0,1,14,13
286,5ec5781268d373ba5bd74260,0,0,0,0,0,0,0,5,5
287,5ed069129477d08753009b1d,0,0,0,0,1,0,1,6,5
288,5ec3a8d3a2ac22245c05211c,0,0,0,0,0,0,0,3,3
289,5ecdd00e35ceb59b550c651b,2,0,0,2,0,4,8,10,14
290,5ec3a8d3a2ac22245c052118,4,0,0,3,0,1,8,11,18
291,5ecdd190f8e9b05d9149e625,1,0,0,0,0,4,5,4,5
292,5ecdd03a7a08e6863d15b5b2,0,0,0,0,0,4,4,1,1
293,5ecf6287c4d62ea8c11f7174,0,0,0,0,0,8,8,1,1
294,5ecdff177755ed7c784780ee,0,0,0,0,0,0,0,11,11
295,5ec4c5b3ce7cf4e480e13481,5,0,0,0,0,1,6,7,12
296,5ec3a8d3a2ac22245c052121,4,0,0,0,0,3,7,10,14
297,5ec3a8d3a2ac22245c052120,0,0,0,0,0,1,1,7,7
298,5ec3a8d3a2ac22245c05211f,0,0,0,0,0,1,1,1,1
299,5ec5781268d373ba5bd7436f,0,0,0,0,1,1,2,4,3
300,5ec5781268d373ba5bd7436c,0,0,0,0,0,0,0,5,5
301,5ec5781268d373ba5bd7436b,0,0,0,0,0,0,0,1,1
302,5ec5781268d373ba5bd7436a,0,0,0,0,0,5,5,1,1
303,5ed5c3cf41de60bbd8e923a2,0,0,0,0,0,0,0,12,12
304,5ed85048baea8bd95878181c,0,0,0,1,0,0,1,1,2
305,5ed0690e5acc2f9fb105bd40,0,0,0,0,1,0,1,9,8
306,5ed46f426b3b99759af2b58c,0,0,0,0,0,0,0,1,1
307,5ed5d2d4b396162c83ed37c3,0,0,0,0,0,0,0,1,1
308,5ec5781268d373ba5bd742aa,2,0,0,0,0,0,2,4,6
309,5ec5781268d373ba5bd742a6,1,3,0,0,2,0,6,3,2
310,5ed46ae21ea028aaf3eabdd6,0,0,0,0,1,0,1,9,8
311,5ec5781268d373ba5bd742bc,2,0,0,0,0,0,2,3,5
312,5ecf6af2dc73777654f88290,0,3,1,0,0,0,4,6,5
313,5ec5781268d373ba5bd742b6,1,0,0,0,0,0,1,2,3
314,5ed0c2ccd0bfb92aa4a0f287,0,1,1,0,0,0,2,10,9
315,5ed4738160359ad2e3ed542f,1,1,0,0,1,3,6,13,13
316,5ec5781268d373ba5bd74286,0,0,0,0,0,2,2,9,9
317,5ec5781268d373ba5bd74285,2,0,0,0,0,0,2,5,7
318,5ed46b211ceb66acaaf54896,0,0,1,0,0,1,2,3,2
319,5ec5781268d373ba5bd74283,1,0,0,0,0,1,2,4,5
320,5ed5b8e9a73992ccf55ed70f,0,0,0,0,0,2,2,2,2
321,5ed48b4091279ae053a36eff,0,0,0,0,0,0,0,3,3
322,5ed46e3e3ecb8ee2b105c6bb,0,0,0,0,2,1,3,3,1
323,5ecf6a86d2db669275f8834d,0,0,0,0,0,0,0,2,2
324,5ec5781268d373ba5bd742d4,5,1,0,0,0,1,7,3,8
325,5ed5ba579f490f1e82c7918f,8,0,0,0,0,1,9,5,13
326,5ecf69dddc73777654f88275,0,0,0,0,1,0,1,10,9
327,5ecf8bd84342aa4c6184b20a,0,0,0,1,0,2,3,5,6
328,5ec698509e28f5ea34223a21,0,0,0,0,0,0,0,2,2
329,5ec4b743ce7cf4e480e12be2,0,1,0,0,0,0,1,1,1
330,5ec3a8d4a2ac22245c05224e,0,2,0,0,0,0,2,4,4
331,5ed0800dcbe9c046e9d0d37e,0,0,1,0,0,0,1,5,4
332,5ec3a8d4a2ac22245c05224c,0,0,1,0,0,0,1,1,0
333,5ed33f30337b2cacaef98333,1,0,2,0,0,0,3,4,3
334,5ec3a8d4a2ac22245c05228d,2,0,1,0,0,0,3,3,4
335,5ec3a8d4a2ac22245c05228c,0,0,0,0,0,0,0,15,15
336,5ecf600df26e70c8099873d4,0,0,0,0,1,0,1,13,12
337,5ed0a6d1aa4e6904996ae2dc,0,0,0,0,0,0,0,8,8
338,5ec4cb1bce7cf4e480e1369b,0,0,0,0,0,0,0,12,12
339,5ec3a8d4a2ac22245c052286,3,0,0,0,0,0,3,10,13
340,5ec3a8d4a2ac22245c052284,0,0,0,0,0,0,0,5,5
341,5ed05a5b9479ef41ee1d246c,4,0,0,0,1,0,5,5,8
342,5ed1b4f3980476448142994a,7,0,0,0,0,0,7,5,12
343,5ec3a8d4a2ac22245c052280,2,2,0,0,0,1,5,10,12
344,5ec3a8d4a2ac22245c05227f,1,0,0,1,2,21,25,11,11
345,5ec3a8d4a2ac22245c05227e,4,1,0,0,1,2,8,6,9
346,5ec3a8d4a2ac22245c05227c,3,4,1,0,0,0,8,6,8
347,5ec3a8d4a2ac22245c05227b,1,0,0,0,0,7,8,2,3
348,5ec797f67bb87fc9af3bc2b3,0,1,0,0,4,4,9,3,-1
349,5ec3a8d4a2ac22245c052291,0,0,1,0,0,0,1,2,1
350,5ec72b22b6e1142b31f79f0f,0,4,0,0,0,0,4,2,2
351,5ec3a8d4a2ac22245c05228f,0,0,0,0,0,6,6,2,2
352,5ec3a8d4a2ac22245c052285,0,0,0,0,0,0,0,5,5
353,5ec3a8d4a2ac22245c05227a,1,0,0,0,0,0,1,1,2
354,5ec4cd1cce7cf4e480e13748,0,0,0,0,0,2,2,2,2
355,5ec3a8d3a2ac22245c052212,0,0,0,0,1,1,2,1,0
356,5ec88c686afe4bb02b4bc2c7,0,0,0,0,0,12,12,1,1
357,5ed067e530b0f7d30bf4764c,0,0,0,0,0,2,2,1,1
358,5ec3a8d3a2ac22245c05220d,0,0,2,0,0,3,5,3,1
359,5ecf5f269d886544f4e30202,0,0,0,0,2,0,2,2,0
360,5ecf7a0730131ce226c4be72,0,2,0,1,0,1,4,1,2
361,5ec48993ce7cf4e480e0e7c6,0,0,0,0,0,0,0,4,4
362,5ecf45c2b82153c4fccf669b,1,0,0,0,0,0,1,2,3
363,5ed44ea64f729ae77293efb1,2,1,0,0,0,0,3,8,10
364,5ec4b5cbce7cf4e480e12aa9,2,0,1,0,0,0,3,6,7
365,5ec3a8d4a2ac22245c052272,7,0,0,0,0,0,7,4,11
366,5ecf7600dbb90c63bb20bd2e,0,0,0,0,1,0,1,8,7
367,5ec3a8d4a2ac22245c05226e,0,0,0,0,0,0,0,11,11
368,5ec3a8d4a2ac22245c05226c,1,0,0,0,0,0,1,11,12
369,5ecf7718547fe345ed7172ae,2,0,0,0,1,7,10,12,13
370,5ed4d86befac2908528f33e3,0,0,0,0,0,0,0,12,12
371,5ec3a8d4a2ac22245c052266,4,0,0,0,0,0,4,9,13
372,5ec3a8d4a2ac22245c052265,1,0,1,0,0,0,2,12,12
373,5ec3a8d4a2ac22245c052264,1,0,0,0,0,0,1,7,8
374,5ecf4f47f43566cc3140e279,2,0,0,0,0,0,2,5,7
375,5ecdf104c9c3b710fe914644,0,0,0,2,2,0,4,7,7
376,5ecf50fbc5851421be67b24d,0,0,1,0,0,7,8,2,1
377,5ec3a8d4a2ac22245c052278,0,0,0,0,0,0,0,2,2
378,5ec3a8d4a2ac22245c052276,1,0,0,0,0,0,1,1,2
379,5ecf56ab937b7d18df9fe6a4,0,0,0,0,1,0,1,3,2
380,5ed5c0ab78009e34afceaf88,0,0,0,0,1,0,1,5,4
381,5ec3a8d4a2ac22245c05225e,0,0,0,1,0,3,4,5,6
382,5ed058a3db4f9512559550cb,0,0,1,0,2,0,3,5,2
383,5ec5781268d373ba5bd742f4,0,0,0,0,0,0,0,2,2
384,5ec5781268d373ba5bd742f3,1,1,0,0,0,0,2,1,2
385,5ec5781268d373ba5bd742ef,0,0,1,0,1,0,2,8,6
386,5ecf2615db68b7f9b5cde680,7,1,0,0,0,0,8,2,9
387,5ed46dd3f9a116c31a7df98b,0,0,0,0,0,1,1,6,6
388,5ed7254c9b1b9387756b7836,0,0,0,1,0,0,1,4,5
389,5ed467b50677cfb2a342625e,0,0,0,0,0,1,1,13,13
390,5ece10b8857d5439e7794be2,0,0,0,0,0,0,0,1,1
391,5ed0b8ffe004e9cdc93f02f5,0,0,0,0,0,0,0,7,7
392,5ed5c0b59737ca06a1d79878,0,1,0,0,0,1,2,11,11
393,5ed4f5ceefac2908528f37e8,0,0,0,3,0,0,3,3,6
394,5ec5781268d373ba5bd7421c,3,0,0,0,0,1,4,7,10
395,5ec5781268d373ba5bd7421b,0,0,1,0,0,2,3,7,6
396,5ed4a778a658d9fd2b29895d,0,0,0,0,0,0,0,11,11
397,5ed48e145a7040d2bf98def6,6,0,0,0,0,0,6,4,10
398,5ed86c3d0c35ea930572af32,2,0,0,2,0,0,4,5,9
399,5ec5781268d373ba5bd7422f,7,0,0,1,0,0,8,1,9
400,5ec5781268d373ba5bd7422d,1,0,0,0,0,1,2,2,3
401,5ec5781268d373ba5bd7422b,1,0,0,0,0,0,1,1,2
402,5ec5781268d373ba5bd74228,3,0,0,0,0,3,6,2,5
403,5ed5af41da2a0ba85d40473d,1,0,0,0,0,0,1,2,3
404,5ed45d2c728824f99a423515,1,0,1,0,0,0,2,2,2
405,5ed470ab1ea028aaf3eabeca,0,0,0,0,0,0,0,2,2
406,5ec5781268d373ba5bd74347,0,0,0,0,0,1,1,1,1
407,5ec5781268d373ba5bd74346,0,0,0,0,0,0,0,1,1
408,5ed7201db444262cfb4233b0,0,1,0,0,0,0,1,4,4
409,5ec5781268d373ba5bd74343,0,0,0,0,2,0,2,4,2
410,5ecf8d634d72f7b9368d860f,9,2,0,0,0,0,11,5,14
411,5ec4e2cace7cf4e480e13eb0,1,1,0,0,0,0,2,12,13
412,5ec3a8d3a2ac22245c052141,2,2,0,0,0,0,4,21,23
413,5ec4e323ce7cf4e480e13eef,3,0,0,0,0,0,3,8,11
414,5ec3a8d3a2ac22245c052160,0,0,0,0,0,0,0,4,4
415,5ed4d514d38d407da5b8baba,0,0,0,0,0,0,0,7,7
416,5ecf6fdd36a43693d848f9c3,5,1,0,0,0,0,6,17,22
417,5ed06d7c441af70f33dd29f2,0,2,0,0,3,0,5,18,15
418,5ecf32b10a0333523a0dcefa,1,0,0,0,0,0,1,19,20
419,5ec3a8d3a2ac22245c052158,4,0,0,0,0,0,4,26,30
420,5ec3a8fe730e95cbc80858e0,3,0,0,0,0,0,3,23,26
421,5ec3a8fe730e95cbc80858f3,0,0,0,0,0,0,0,21,21
422,5ecf3abc37be35a39dd0955c,1,2,0,0,0,0,3,18,19
423,5ec4eca4ce7cf4e480e1436b,0,0,0,0,0,0,0,24,24
424,5ecf326d5dded677e5013904,1,2,0,0,0,0,3,9,10
425,5ec3a8d3a2ac22245c05216c,0,0,0,0,0,0,0,33,33
426,5ec3a8fe730e95cbc80858ef,1,5,0,0,0,0,6,20,21
427,5ec3a8fe730e95cbc80858ee,1,1,0,0,0,0,2,20,21
428,5ec3a8d3a2ac22245c05216b,0,0,0,0,0,0,0,16,16
429,5ed1b466dfcf712f44e281cb,5,2,0,0,0,0,7,26,31
430,5ec4e22fce7cf4e480e13ea2,2,3,0,0,0,0,5,37,39
431,5ece21cc846fe1465e812698,1,0,0,0,0,0,1,32,33
432,5ec3a8fe730e95cbc80858f7,0,0,0,0,0,0,0,20,20
433,5ec3a8d3a2ac22245c05216f,2,1,0,0,0,0,3,34,36
434,5ec3a8fe730e95cbc80858f6,1,2,0,0,0,0,3,31,32
435,5ec3a8fe730e95cbc80858f5,0,2,0,0,0,0,2,17,17
436,5ecb1b05535e92975917e529,2,5,1,0,0,0,8,17,18
437,5ec600f9d0e1c52c12cc28f6,1,1,0,0,0,0,2,13,14
438,5ecf71dc4aaf5cd224cc7b52,5,7,0,0,0,0,12,16,21
439,5ecf49fab92f1c22fe696239,0,1,0,0,0,0,1,29,29
440,5ec3a8fe730e95cbc80858c0,2,3,1,0,0,0,6,20,21
441,5ec3a8d3a2ac22245c0520e1,5,5,0,10,0,0,20,12,27
442,5ec3a8fe730e95cbc80858bf,7,1,0,0,0,0,8,22,29
443,5ece1c17d8ef958a6db6cad6,2,1,0,0,0,6,9,6,8
444,5ec3a8d3a2ac22245c052104,1,3,0,0,3,0,7,11,9
445,5ec3a8d3a2ac22245c052101,2,0,0,0,0,1,3,9,11
446,5ec3a8d3a2ac22245c0520ff,1,3,0,0,1,3,8,9,9
447,5ec3a8fe730e95cbc80858cc,0,2,2,0,0,0,4,17,15
448,5ecf2ff3ab6ed5c7ce4a0fc6,0,3,0,0,0,1,4,11,11
449,5ecf71640006db9b1da8c955,1,2,0,0,0,0,3,15,16
450,5ec4c9a6ce7cf4e480e13623,0,0,0,0,0,0,0,20,20
451,5ed0965864a59f3df06e940d,0,4,0,0,0,2,6,10,10
452,5ed850c2c404451ed9963d1a,0,0,1,0,0,0,1,31,30
453,5ed709068aa3002553ebbab7,0,0,0,0,0,0,0,16,16
454,5ed7063daa8745ad316c6b1a,0,0,0,0,0,4,4,1,1
455,5ec578f072632e48a4700fbb,0,0,0,0,0,4,4,1,1
456,5ed74cfd93fbca4e834cb56e,0,0,0,0,0,0,0,2,2
457,5ed75d64dd6089037e448dfb,0,0,0,0,0,0,0,2,2
458,5ed73fa1aa4f74e0cddc6789,0,0,0,0,2,2,4,3,1
459,5ec578f072632e48a4700efb,0,0,0,0,0,11,11,1,1
460,5ec578f072632e48a4700efa,0,0,0,0,0,5,5,2,2
461,5ec578f072632e48a4700edc,0,0,1,0,0,2,3,2,1
462,5ed7467b29a91c94a1c2d464,0,0,0,0,0,0,0,1,1
463,5ec578f072632e48a4700ed9,0,1,0,0,0,1,2,5,5
464,5ec3a8d3a2ac22245c052030,0,0,0,0,0,4,4,2,2
465,5ec3a8d3a2ac22245c05202e,0,4,0,0,0,1,5,3,3
466,5ecb197d77f45930b0e7b972,0,5,0,0,1,9,15,2,1
467,5ecf49d13e30f86f4b2e65b8,0,0,0,0,0,1,1,1,1
468,5ecf42ae878899e57e18b723,0,0,0,0,0,0,0,3,3
469,5ec3a8d3a2ac22245c052034,0,5,1,0,0,0,6,3,2
470,5ec4bf18ce7cf4e480e1310f,0,0,0,1,0,9,10,1,2
471,5ec3a8d3a2ac22245c05202b,0,0,0,0,0,2,2,1,1
472,5ec3a8d3a2ac22245c05202a,0,0,0,0,0,2,2,1,1
473,5ed075d1374949863bc83cb9,0,0,0,0,1,0,1,3,2
474,5ec3a8fe730e95cbc8085892,0,0,0,0,0,9,9,3,3
475,5ed059bbfdc89b2c5d6345c4,0,4,0,0,0,0,4,1,1
476,5ec3a8fe730e95cbc8085895,0,0,0,0,0,0,0,1,1
477,5ec3a8d3a2ac22245c052048,0,0,0,0,0,0,0,1,1
478,5ecf4a5c6406e78f8db2cc35,0,0,1,1,0,2,4,3,3
479,5ecf4a6600a5cc68b9b1259d,1,0,0,1,1,3,6,4,5
480,5ec3a8d3a2ac22245c05214e,0,10,0,0,0,0,10,1,1
481,5ece19feb95d3776aaddce77,0,0,0,0,0,0,0,1,1
482,5ecf8c63b30c0470888d7b0f,0,0,0,0,0,1,1,5,5
483,5ec3a8d3a2ac22245c052148,1,0,0,0,0,0,1,6,7
484,5ec3a8d3a2ac22245c052147,0,0,0,1,0,0,1,8,9
485,5ecc95611b483913afdebbc5,0,0,0,0,0,0,0,3,3
486,5ec3a8fe730e95cbc80858df,0,0,0,0,0,0,0,18,18
487,5ec3a8d3a2ac22245c052152,0,0,0,0,0,0,0,3,3
488,5ec3a8d3a2ac22245c05214c,0,1,0,0,0,10,11,3,3
489,5ecf15a178dc312915a847cf,0,0,0,0,0,0,0,3,3
490,5ec60d71d0e1c52c12cc2a38,0,0,0,0,0,0,0,1,1
491,5ecf8f4b32f7a9f5ef7a67bf,0,0,0,1,0,0,1,3,4
492,5ecf21ad2e0a202dec9ca35b,0,2,0,0,0,0,2,4,4
493,5ec3a8d3a2ac22245c0520aa,1,1,0,0,0,0,2,1,2
494,5ecf844a5dac08d74c26608b,0,0,0,0,0,0,0,11,11
495,5ec3a8fe730e95cbc808589e,0,0,0,1,2,0,3,7,6
496,5ed06f47a01012bb9b445504,0,0,0,1,0,0,1,1,2
497,5ecf2548296b11ac71c37c2a,0,0,0,0,0,0,0,2,2
498,5ecf48c15043e9f9b445fec4,0,1,0,0,0,0,1,4,4
499,5ec3a8d3a2ac22245c052099,0,1,0,0,0,2,3,5,5
500,5ece0ba83ce6c11099a4b0b7,0,0,0,0,0,0,0,4,4
501,5ed74a5293fbca4e834cb289,1,0,0,0,0,0,1,3,4
502,5ec578f072632e48a4700f0a,0,0,0,0,0,0,0,1,1
503,5ed5c9f4c8e012fec27e337d,0,0,0,0,0,2,2,6,6
504,5ed7030aeb0bc968bbe73479,0,0,0,0,0,0,0,8,8
505,5ec578f072632e48a4700f11,0,0,0,0,0,0,0,7,7
506,5ec578f072632e48a4700f10,0,0,0,0,0,1,1,1,1
507,5ec578f072632e48a4700f0f,0,0,0,0,0,0,0,2,2
508,5ed7747d644f76bdc923fb7c,0,0,1,0,0,0,1,2,1
509,5ed76564b4fe5f2aa416a9b7,0,0,0,1,0,0,1,3,4
510,5ed89bc28c7e77a8ff276dc3,0,0,0,2,0,0,2,4,6
511,5ec578f072632e48a4701003,0,0,0,2,0,4,6,2,4
512,5ed873d7f052f339a52f0505,0,0,0,0,0,0,0,1,1
513,5ed72f22ab233d91a80fdf44,0,0,0,0,0,0,0,9,9
514,5ed8939c4129c976dbda9efc,0,0,0,2,0,5,7,3,5
515,5ed88f5f94a83e47ebf536df,0,0,0,0,0,0,0,1,1
516,5ed746cf7851dc9e9fa99ccf,0,0,0,0,0,4,4,1,1
517,5ed7246ac9a477f99c52ea52,0,0,0,0,0,1,1,5,5
518,5ec578f072632e48a4700ee7,0,0,2,0,0,0,2,1,-1
519,5ed71d55c99b859ef2847572,0,0,0,0,1,1,2,2,1
520,5ec578f072632e48a4700ee8,0,0,0,0,0,0,0,7,7
521,5ed7413669f2209677eb9993,0,0,0,0,0,2,2,2,2
522,5ec578f072632e48a4700f29,0,0,0,0,0,0,0,3,3
523,5ed73f139e9f659ce337250d,0,0,0,0,0,0,0,2,2
524,5ec578f072632e48a4700f2d,1,0,0,0,2,9,12,9,8
525,5ed739344e90ad9123f32556,0,0,0,0,0,0,0,7,7
526,5ed73a54a9ba35957ef9c9fc,0,0,0,0,1,0,1,2,1
527,5ed726f04b5cd3fa2cf9f07f,0,0,0,0,0,4,4,2,2
528,5ed7126848b540a95a994458,0,0,0,0,0,0,0,4,4
529,5ed732fb8d10dcd8e6a34196,0,0,0,0,0,0,0,2,2
530,5ec578f072632e48a4700f75,0,0,0,0,0,2,2,1,1
531,5ec578f072632e48a4700f73,0,0,0,1,0,0,1,12,13
532,5ed716ed5d63428ecc8ae9a0,0,0,0,1,0,1,2,2,3
533,5ec578f072632e48a4700f71,1,0,0,0,0,0,1,5,6
534,5ec578f072632e48a4700f6e,0,0,0,0,0,1,1,7,7
535,5ed86d5c46eccdafc40cc877,0,0,0,0,0,0,0,4,4
536,5ed7392a312ade17772b5b1c,0,0,0,0,1,0,1,3,2
537,5ed720f14a662f507b5387a0,0,0,0,0,0,1,1,2,2
538,5ec578f072632e48a4700f6d,0,0,0,0,0,0,0,1,1
539,5ebb935c9790e00c2b01a080,10,0,2,0,0,0,12,5,13
540,5eb8bfdfa89cc8ea323ca5ca,2,0,0,0,0,0,2,9,11
541,5eb8bfdfa89cc8ea323ca5c9,4,0,0,0,0,0,4,1,5
542,5eb914eeea7c5638b643e726,0,0,0,0,0,0,0,3,3
543,5eb90716933e1d90095408a3,4,0,0,0,0,0,4,2,6
544,5eb8f4d7b0e3b48f8bb50620,0,0,0,0,0,0,0,2,2
545,5ebb7d1d14aa3c4411b8bad1,0,0,0,0,0,0,0,6,6
546,5ebb4d8b03c85910d598a4ad,5,0,0,1,0,0,6,8,14
547,5eb8eff397906ade773b3fc9,12,0,0,3,0,0,15,1,16
548,5eb9146a845ce53dfab70a2b,1,0,1,1,0,0,3,7,8
549,5eb8bfdfa89cc8ea323ca5e6,2,0,0,1,0,0,3,11,14
550,5eb8f91bef4a0ceed6f4f252,2,0,0,1,0,0,3,19,22
551,5eb8bfdfa89cc8ea323ca5dd,8,0,0,0,0,0,8,12,20
552,5eb8bfdfa89cc8ea323ca5dc,7,0,0,0,0,0,7,5,12
553,5eba0dee3fb943a40ae10ebf,6,0,0,2,0,0,8,9,17
554,5eb8eca64a8e1889905a9a0e,8,0,0,0,0,0,8,8,16
555,5eb9134b609d71574115a727,8,0,0,2,0,0,10,6,16
556,5eb8bfdfa89cc8ea323ca722,1,0,0,0,0,0,1,29,30
557,5eb8bfdfa89cc8ea323ca721,2,0,0,1,0,0,3,17,20
558,5eb8bfdfa89cc8ea323ca720,2,1,0,1,0,0,4,38,41
559,5eb8bfdfa89cc8ea323ca71f,10,0,0,1,0,0,11,18,29
560,5eb8bfdfa89cc8ea323ca71d,7,0,0,2,0,0,9,13,22
561,5eba3b3d5a6179ff307322f0,4,0,0,1,0,0,5,9,14
562,5eb8bfdfa89cc8ea323ca738,3,0,0,0,0,0,3,4,7
563,5eb8f4f11e14c61759559f62,2,0,0,0,0,0,2,13,15
564,5eba0a1b25c4294f63295b47,2,0,0,1,0,0,3,4,7
565,5eb8bfdfa89cc8ea323ca734,0,0,0,0,0,0,0,16,16
566,5eb8bfdfa89cc8ea323ca733,3,0,0,0,0,0,3,12,15
567,5eba80b65860dd667ad4afa0,8,0,0,0,0,0,8,3,11
568,5eb8bfdfa89cc8ea323ca72b,2,0,0,1,0,0,3,5,8
569,5eb8ee5ec248cbc6f9245d43,10,0,0,0,0,0,10,4,14
570,5eb8bfdfa89cc8ea323ca728,5,0,0,2,0,0,7,5,12
571,5eb8fe4eef4a0ceed6f4f2cb,9,0,0,0,0,0,9,6,15
572,5eba2e417abeef62cc1e78d1,0,0,0,0,0,0,0,17,17
573,5eb8cb4358d982911b19bcfb,3,0,0,0,0,0,3,1,4
574,5eb8bfdfa89cc8ea323ca628,3,0,0,0,0,0,3,8,11
575,5eb8bfdfa89cc8ea323ca627,2,0,0,1,0,0,3,2,5
576,5eb921214ccb2c552564e94d,3,0,0,0,0,0,3,3,6
577,5eba0c6b5ba10851ae331fe6,3,1,0,0,0,0,4,8,11
578,5eb94cc4a29dea3ae2e0c4db,1,0,0,0,1,0,2,11,11
579,5eb8bfdfa89cc8ea323ca649,6,0,0,0,0,0,6,2,8
580,5eb8fca2d5aac2d4174396ab,5,1,0,0,0,1,7,5,10
581,5eb8bfdfa89cc8ea323ca63a,8,0,0,0,0,0,8,3,11
582,5eb8bfdfa89cc8ea323ca638,8,0,0,0,0,0,8,5,13
583,5eb8bfdfa89cc8ea323ca653,4,1,2,0,0,0,7,33,35
584,5eb9010ab0442ef500f0af86,7,0,0,0,0,0,7,10,17
585,5eba20b479713c3a02070721,3,0,0,0,0,0,3,13,16
586,5eb8bfdfa89cc8ea323ca636,6,0,0,0,0,0,6,3,9
587,5eb8bfdfa89cc8ea323ca69b,2,1,0,0,0,0,3,18,20
588,5eb8e1d96176b6969afdaa15,12,0,0,0,0,0,12,12,24
589,5eb90b194a8e1889905a9c15,13,0,0,0,0,0,13,12,25
590,5eb8bfdfa89cc8ea323ca697,10,0,0,0,0,0,10,9,19
591,5eb8bfdfa89cc8ea323ca6cf,19,5,0,0,1,1,26,4,22
592,5eb8f8cac56b628e37d38a35,3,0,0,0,0,0,3,6,9
593,5eb8bfdfa89cc8ea323ca6c8,1,0,0,3,0,0,4,12,16
594,5eb8bfdfa89cc8ea323ca6c4,6,0,0,3,0,0,9,2,11
595,5eb8bfdfa89cc8ea323ca6c3,6,0,0,0,0,0,6,10,16
596,5eb8bfdfa89cc8ea323ca6c2,18,2,0,0,0,13,33,4,22
597,5ebb6abfa9874c8f970e294a,10,0,0,0,0,0,10,2,12
598,5eb8bfdfa89cc8ea323ca6bf,5,1,0,1,0,0,7,13,19
599,5eb8bfdfa89cc8ea323ca6bd,12,1,0,0,0,9,22,3,15
600,5eb9f957f97bb4f9db0cc5c1,6,0,0,2,0,0,8,3,11
601,5eb8bfdfa89cc8ea323ca6d5,4,0,0,2,0,0,6,7,13
602,5eb8bfdfa89cc8ea323ca6d4,3,0,0,0,1,9,13,8,10
603,5eb8bfdfa89cc8ea323ca6d1,7,1,0,0,0,0,8,1,8
604,5eba058eac6f0b0a2069b713,2,11,0,0,0,23,36,4,6
605,5eba3af90476c3749fa4b9ba,5,0,1,0,0,0,6,12,16
606,5ebb7e5186407db5669c9cf0,1,3,0,0,0,16,20,3,4
607,5eb8bfdfa89cc8ea323ca6dd,9,4,0,0,0,14,27,1,10
608,5eb8fafd49bf3e0927b57218,7,7,0,0,0,11,25,10,17
609,5eb905874a8e1889905a9ba3,9,4,0,0,0,12,25,4,13
610,5eb90fea3ea35257f92c7e0f,6,0,0,0,0,0,6,13,19
611,5eb8bfdfa89cc8ea323ca6ae,6,0,0,2,0,0,8,1,9
612,5eb8fd647149180c30146454,3,0,0,0,0,0,3,7,10
613,5eb8bfdfa89cc8ea323ca6ab,8,3,0,0,0,0,11,5,13
614,5eb8f7b54a8e1889905a9af2,12,3,0,0,0,0,15,3,15
615,5eb8bfdfa89cc8ea323ca6a7,11,7,0,0,0,0,18,4,15
616,5eba39bef3acb40a1f3166c6,12,0,0,0,0,0,12,2,14
617,5eb8f32a5febd7430b94e56f,5,1,0,0,0,0,6,6,11
618,5eba48e86b371f4339d2e9dc,10,2,0,0,1,0,13,16,25
619,5eba311ad74b2f56131213a6,16,2,0,0,0,0,18,17,33
620,5eb9fd89c4dd36ba281612ed,12,0,0,0,0,0,12,8,20
621,5ebb9a19a77e7d38e95128c6,12,3,0,1,0,0,16,19,32
622,5eb8e0b9c224030d3eb68b28,13,0,0,0,0,0,13,16,29
623,5eb9002c198acec4051da7e1,22,0,0,0,0,0,22,13,35
624,5eb8bfdfa89cc8ea323ca6a8,21,0,0,0,0,0,21,4,25
625,5eb8bfdfa89cc8ea323ca5fd,15,3,0,0,0,0,18,4,19
626,5eb8bfdfa89cc8ea323ca5f8,22,0,0,0,0,0,22,2,24
627,5eb8bfdfa89cc8ea323ca669,13,0,0,0,0,0,13,2,15
628,5eb92c225f290b1b6e41fef5,9,0,0,0,0,0,9,12,21
629,5ebb640cc34aad74a0df331b,5,0,0,0,0,0,5,16,21
630,5eb8bfdfa89cc8ea323ca65b,4,0,0,0,0,0,4,4,8
631,5eb8eab74f0f47c0d9415dd9,1,0,0,0,0,0,1,13,14
632,5eb8e87e6b956825d59507c9,5,0,0,0,0,0,5,21,26
633,5eb8bfdfa89cc8ea323ca673,4,0,2,0,5,0,11,16,13
634,5eb8bfdfa89cc8ea323ca670,0,0,0,0,0,0,0,1,1
635,5eb8bfdfa89cc8ea323ca64a,1,2,0,1,1,0,5,9,10
636,5eba3880ed75160b6848729a,0,0,0,1,0,0,1,5,6
637,5eb8f78ffd67f6abd64457b8,0,0,0,0,0,0,0,7,7
638,5eb8bfdfa89cc8ea323ca5d1,0,0,0,0,0,0,0,2,2
639,5eb8bfdfa89cc8ea323ca5d0,1,1,0,0,0,0,2,1,2
640,5eb9065ee30f25c8ab000be1,1,0,0,0,0,0,1,3,4
641,5eb8bfdfa89cc8ea323ca5ce,0,0,0,0,0,0,0,1,1
642,5eb8bfdfa89cc8ea323ca613,1,0,1,0,0,0,2,4,4
643,5eb8bfdfa89cc8ea323ca611,1,1,0,0,0,0,2,1,2
644,5eb8bfdfa89cc8ea323ca60b,1,0,0,0,0,0,1,4,5
645,5eb8bfdfa89cc8ea323ca608,1,1,1,0,0,0,3,5,5
646,5eb8bfdfa89cc8ea323ca607,4,3,0,0,0,0,7,4,8
647,5eb8bfdfa89cc8ea323ca606,4,0,0,0,0,0,4,8,12
648,5eb8bfdfa89cc8ea323ca604,1,0,0,0,0,0,1,2,3
649,5eb8bfdfa89cc8ea323ca601,4,0,0,0,0,0,4,10,14
650,5eb8bfdfa89cc8ea323ca5fc,7,0,0,0,0,0,7,2,9
651,5eba3957797291666f6530b0,2,0,0,0,0,0,2,8,10
652,5eb8bfdfa89cc8ea323ca61a,7,0,0,0,0,0,7,9,16
653,5eb8ee39e68657e8ad8c8820,3,2,1,0,0,0,6,8,10
654,5eb8bfdfa89cc8ea323ca60a,4,0,0,0,0,0,4,8,12
655,5eb8bfdfa89cc8ea323ca5fb,5,0,0,0,0,0,5,9,14
656,5eb8bfdfa89cc8ea323ca5fa,5,0,0,0,0,0,5,8,13
657,5ebcd7cae87ad538130b8d60,12,0,0,0,1,0,13,7,18
658,5eb8bfdfa89cc8ea323ca633,7,6,0,0,0,0,13,8,15
659,5eb8bfdfa89cc8ea323ca632,8,2,0,0,0,0,10,2,10
660,5eba0d67d5d09ecec06d3962,3,8,0,0,0,1,12,4,7
661,5eb8bfdfa89cc8ea323ca630,5,0,0,0,0,0,5,2,7
662,5eb908a7eaf5b3edef5f0a00,4,2,0,0,1,3,10,8,11
663,5eb8ed87be86cfb5bc040927,3,11,0,0,0,5,19,8,11
664,5eb8bfdfa89cc8ea323ca62d,1,0,0,1,0,0,2,6,8
665,5eba1ef280af43f827000b70,2,0,0,0,0,0,2,11,13
666,5eb8bfdfa89cc8ea323ca62b,4,1,0,0,0,3,8,6,10
667,5eb8e8b34ed529b81dde928b,8,0,0,0,0,0,8,6,14
668,5eb8bfdfa89cc8ea323ca629,5,1,0,1,0,9,16,1,7
669,5eba3b8dc93a0f33dbb62f88,0,5,0,1,1,3,10,3,3
670,5eb9108e3ea35257f92c7e1d,5,0,0,0,0,0,5,1,6
671,5eb8e09b7a323910dcdec4f5,2,0,0,0,1,0,3,8,9
672,5eb8bfdfa89cc8ea323ca61c,8,0,0,0,0,0,8,1,9
673,5eba0d7a8d4eadb54de2256c,9,0,0,0,0,0,9,4,13
674,5eb8bfdfa89cc8ea323ca686,2,3,0,0,0,0,5,1,3
675,5eb90acc50d910139996e885,1,0,0,0,0,0,1,1,2
676,5ebb7bc31710b7acc5551b76,2,0,0,0,0,0,2,3,5
677,5eb917c16148b360e1754f6a,6,1,0,0,0,0,7,5,11
678,5eb8bfdfa89cc8ea323ca681,0,0,0,0,0,0,0,6,6
679,5eba51f961933949eab5bcc7,1,0,1,0,1,0,3,5,4
680,5eba4dd1a18812eeba96ba6f,7,0,0,0,2,1,10,15,20
681,5eb8fc045690a06e6436e78b,1,2,0,0,0,0,3,3,4
682,5eb8bfdfa89cc8ea323ca67b,1,0,0,0,0,0,1,6,7
683,5eb8bfdfa89cc8ea323ca67a,0,0,0,0,0,0,0,1,1
684,5eb8efc397906ade773b3fc3,2,0,0,0,0,0,2,2,4
685,5eb8bfdfa89cc8ea323ca675,0,1,0,0,0,1,2,1,1
686,5eb8bfdfa89cc8ea323ca671,2,0,0,0,0,0,2,1,3
687,5eb8bfdfa89cc8ea323ca666,0,0,0,0,0,1,1,2,2
688,5eb922721d6c504a6214332e,1,0,0,0,0,0,1,2,3
689,5eba237588f54b38d4ebb1fe,0,0,0,0,0,0,0,4,4
690,5eb8ef58b44e127f76085983,0,1,0,0,0,1,2,1,1
691,5eb8fb81ffd4698f8dde2a3f,0,2,0,0,0,0,2,4,4
692,5eb8bfdfa89cc8ea323ca68a,4,0,0,0,0,0,4,3,7
693,5eb8bfdfa89cc8ea323ca689,0,0,0,0,0,0,0,1,1
694,5ebbb3beab8e9a3e10c692c5,0,0,0,0,0,0,0,2,2
695,5ebb8544839f93f44cd3b9e5,1,0,0,0,0,0,1,1,2
696,5eb8bfdfa89cc8ea323ca718,0,1,0,0,0,1,2,6,6
697,5eb8bfdfa89cc8ea323ca715,0,0,0,1,0,0,1,4,5
698,5eb8bfdfa89cc8ea323ca70a,0,1,0,0,4,2,7,2,-2
699,5eb8bfdfa89cc8ea323ca708,0,0,0,1,0,1,2,5,6
700,5eb8bfdfa89cc8ea323ca706,0,0,0,0,0,1,1,1,1
701,5eb8de21ad5e75c349850ad6,4,1,0,0,0,0,5,1,5
702,5eba11bc4d6dc5a0a51df3b2,0,0,0,0,0,0,0,3,3
703,5eba32895171c93e91707b0c,0,0,0,0,0,0,0,4,4
704,5eb8bfdfa89cc8ea323ca6ea,2,0,0,0,0,0,2,10,12
705,5eb9721a11f03b04497a9db6,6,0,0,0,0,0,6,7,13
706,5eb8bfdfa89cc8ea323ca6e7,3,0,0,0,0,0,3,9,12
707,5eb8fc0bb0442ef500f0af4a,4,0,0,0,0,0,4,5,9
708,5eb9742d11f03b04497a9deb,0,0,0,0,0,0,0,2,2
709,5eb8bfdfa89cc8ea323ca749,0,0,0,0,0,0,0,1,1
710,5eb8d246abcb57da21666b83,2,0,0,0,0,0,2,3,5
711,5eb8d31dfec8aafdcfe35013,1,0,0,0,0,0,1,2,3
712,5eb8bfdfa89cc8ea323ca761,1,0,0,0,0,0,1,4,5
713,5eb8bfdfa89cc8ea323ca75f,1,0,0,0,0,0,1,7,8
714,5eb8bfdfa89cc8ea323ca75d,2,1,0,0,0,0,3,2,4
715,5eb8f97cef4a0ceed6f4f25e,1,1,2,0,0,0,4,8,7
716,5eb8bfdfa89cc8ea323ca754,0,0,0,0,0,0,0,6,6
717,5eb9610e2dd0464380ebeb27,5,0,0,0,0,0,5,1,6
718,5eb8bfdfa89cc8ea323ca76b,6,0,0,0,0,0,6,1,7
719,5eb8bfdfa89cc8ea323ca76a,3,0,0,0,0,0,3,2,5
720,5eb8f458ec15e99474cafd05,6,0,0,0,0,0,6,5,11
721,5eba0c6f1708bfc79bfdfad1,4,0,0,0,0,0,4,10,14
722,5eb8bfdfa89cc8ea323ca767,10,0,0,0,0,0,10,4,14