,soil_color,cloud_cover,operating_field_name,_id,is_deleted,collected_on,gnss,annotations,artifacts,has_human_annotation,uuid,angle_to_row,camera_exposure_algo,camera_exposure_time,camera_focal_length,camera_fstop,camera_gain,camera_manufacturer,camera_revision,camera_sensor_name,camera_sensor_type,camera_serial,crop_damage,crop_health,crop_height,crop_name,crop_residue,experiment_id,farm,furrow_depth_inches,gps_course,gps_speed,group_id,grower,icp_version,operator_name,project_name,raw_bit_depth,row_spacing,tillage_practice,type,weed_pressure,weeds,robot_name,artifacts_content_hash,notes,camera_height,camera_ppi,gps_quality,isp_version,latitude,longitude,date_collected
0,DARK,CLEAR,Agronomy Strip Trials,1085,1085,1085,1085,1085,1085,1085,1085,1085,1085,1085,1085,1085,1085,1085,1085,1085,1085,1085,1085,1085,1085,1085,1085,1085,1085,1085,1085,1085,1085,1085,1085,1085,1085,1085,1085,1085,1085,1085,1085,1085,1085,1085,1085,1085,1085,1085,1085,1085,1085
1,DARK,CLEAR,Gilette Grove,295,295,295,295,295,295,295,295,295,295,295,295,295,295,295,295,295,295,295,295,295,295,295,295,295,295,295,295,295,295,295,295,295,295,295,295,295,295,295,295,295,295,0,295,295,295,295,295,295,295
2,DARK,CLEAR,Gillette grove,540,540,540,540,540,540,540,540,540,540,540,540,540,540,540,540,540,540,540,540,540,540,540,540,540,540,540,540,540,540,540,540,540,540,540,540,540,540,540,540,540,540,0,540,540,540,540,540,540,540
3,DARK,CLEAR,JDTIC,902,902,902,902,902,902,902,902,902,902,902,902,902,902,902,902,902,902,902,902,902,902,902,902,902,902,902,902,902,902,902,902,902,902,902,902,902,902,902,902,902,902,0,902,902,902,902,902,902,902
4,DARK,CLEAR,Northeast,178,178,178,178,178,178,178,178,178,178,178,178,178,178,178,178,178,178,178,178,178,178,178,178,178,178,178,178,178,178,178,178,178,178,178,178,178,178,178,178,178,178,0,178,178,178,178,178,178,178
5,DARK,CLEAR,c72,916,916,916,916,916,916,916,916,916,916,916,916,916,916,916,916,916,916,916,916,916,916,916,916,916,916,916,916,916,916,916,916,916,916,916,916,916,916,916,916,916,916,32,916,916,916,916,916,916,916
6,DARK,CLEAR,kenyon south,1109,1109,1109,1109,1109,1109,1109,1109,1109,1109,1109,1109,1109,1109,1109,1109,1109,1109,1109,1109,1109,1109,1109,1109,1109,1109,1109,1109,1109,1109,1109,1109,1109,1109,1109,1109,1109,1109,1109,1109,1109,1109,0,1109,1109,1109,1109,1109,1109,1109
7,DARK,CLEAR,n east,626,626,626,626,626,626,626,626,626,626,626,626,626,626,626,626,626,626,626,626,626,626,626,626,626,626,626,626,626,626,626,626,626,626,626,626,626,626,626,626,626,626,0,626,626,626,626,626,626,626
8,DARK,OVERCAST,121,598,598,598,598,598,598,598,598,598,598,598,598,598,598,598,598,598,598,598,598,598,598,598,598,598,598,598,598,598,598,598,598,598,598,598,598,598,598,598,598,598,598,294,598,598,598,598,598,598,598
9,DARK,OVERCAST,Franzen,409,409,409,409,409,409,409,409,409,409,409,409,409,409,409,409,409,409,409,409,409,409,409,409,409,409,409,409,409,409,409,409,409,409,409,409,409,409,409,409,409,409,51,409,409,409,409,409,409,409
10,DARK,OVERCAST,JDTIC,380,380,380,380,380,380,380,380,380,380,380,380,380,380,380,380,380,380,380,380,380,380,380,380,380,380,380,380,380,380,380,380,380,380,380,380,380,380,380,380,380,380,0,380,380,380,380,380,380,380
11,DARK,OVERCAST,Kenyon east,246,246,246,246,246,246,246,246,246,246,246,246,246,246,246,246,246,246,246,246,246,246,246,246,246,246,246,246,246,246,246,246,246,246,246,246,246,246,246,246,246,246,202,246,246,246,246,246,246,246
12,DARK,OVERCAST,MO 23,318,318,318,318,318,318,318,318,318,318,318,318,318,318,318,318,318,318,318,318,318,318,318,318,318,318,318,318,318,318,318,318,318,318,318,318,318,318,318,318,318,318,0,318,318,318,318,318,318,318
13,DARK,OVERCAST,North Field,42,42,42,42,42,42,42,42,42,42,42,42,42,42,42,42,42,42,42,42,42,42,42,42,42,42,42,42,42,42,42,42,42,42,42,42,42,42,42,42,42,42,0,42,42,42,42,42,42,42
14,DARK,OVERCAST,Northfield,44,44,44,44,44,44,44,44,44,44,44,44,44,44,44,44,44,44,44,44,44,44,44,44,44,44,44,44,44,44,44,44,44,44,44,44,44,44,44,44,44,44,0,44,44,44,44,44,44,44
15,DARK,OVERCAST,Randy Field,674,674,674,674,674,674,674,674,674,674,674,674,674,674,674,674,674,674,674,674,674,674,674,674,674,674,674,674,674,674,674,674,674,674,674,674,674,674,674,674,674,674,273,674,674,674,674,674,674,674
16,DARK,OVERCAST,Sinclair,344,344,344,344,344,344,344,344,344,344,344,344,344,344,344,344,344,344,344,344,344,344,344,344,344,344,344,344,344,344,344,344,344,344,344,344,344,344,344,344,344,344,147,344,344,344,344,344,344,344
17,DARK,OVERCAST,across from shop,1026,1026,1026,1026,1026,1026,1026,1026,1026,1026,1026,1026,1026,1026,1026,1026,1026,1026,1026,1026,1026,1026,1026,1026,1026,1026,1026,1026,1026,1026,1026,1026,1026,1026,1026,1026,1026,1026,1026,1026,1026,1026,0,1026,1026,1026,1026,1026,1026,1026
18,DARK,OVERCAST,jdtic,6,6,6,6,6,6,6,6,6,6,6,6,6,6,6,6,6,6,6,6,6,6,6,6,6,6,6,6,6,6,6,6,6,6,6,6,6,6,6,6,6,6,0,6,6,6,6,6,6,6
19,DARK,OVERCAST,north of 94th,214,214,214,214,214,214,214,214,214,214,214,214,214,214,214,214,214,214,214,214,214,214,214,214,214,214,214,214,214,214,214,214,214,214,214,214,214,214,214,214,214,214,214,214,214,214,214,214,214,214
20,DARK,OVERCAST,vigil middle,159,159,159,159,159,159,159,159,159,159,159,159,159,159,159,159,159,159,159,159,159,159,159,159,159,159,159,159,159,159,159,159,159,159,159,159,159,159,159,159,159,159,0,159,159,159,159,159,159,159
21,LIGHT,CLEAR,1,241,241,241,241,241,241,241,241,241,241,241,241,241,241,241,241,241,241,241,241,241,241,241,241,241,241,241,241,241,241,241,241,241,241,241,241,241,241,241,241,241,241,0,241,241,241,241,241,241,241
22,LIGHT,CLEAR,10,258,258,258,258,258,258,258,258,258,258,258,258,258,258,258,258,258,258,258,258,258,258,258,258,258,258,258,258,258,258,258,258,258,258,258,258,258,258,258,258,258,258,214,258,258,258,258,258,258,258
23,LIGHT,CLEAR,19,251,251,251,251,251,251,251,251,251,251,251,251,251,251,251,251,251,251,251,251,251,251,251,251,251,251,251,251,251,251,251,251,251,251,251,251,251,251,251,251,251,251,0,251,251,251,251,251,251,251
24,LIGHT,CLEAR,East 40 NB,100,100,100,100,100,100,100,100,100,100,100,100,100,100,100,100,100,100,100,100,100,100,100,100,100,100,100,100,100,100,100,100,100,100,100,100,100,100,100,100,100,100,0,100,100,100,100,100,100,100
25,LIGHT,CLEAR,Home Hirsh,161,161,161,161,161,161,161,161,161,161,161,161,161,161,161,161,161,161,161,161,161,161,161,161,161,161,161,161,161,161,161,161,161,161,161,161,161,161,161,161,161,161,0,161,161,161,161,161,161,161
26,LIGHT,CLEAR,LS-11,50,50,50,50,50,50,50,50,50,50,50,50,50,50,50,50,50,50,50,50,50,50,50,50,50,50,50,50,50,50,50,50,50,50,50,50,50,50,50,50,50,50,0,50,50,50,50,50,50,50
27,LIGHT,CLEAR,LS-4,273,273,273,273,273,273,273,273,273,273,273,273,273,273,273,273,273,273,273,273,273,273,273,273,273,273,273,273,273,273,273,273,273,273,273,273,273,273,273,273,273,273,0,273,273,273,273,273,273,273
28,LIGHT,CLEAR,Mike Pivot -NB,1007,1007,1007,1007,1007,1007,1007,1007,1007,1007,1007,1007,1007,1007,1007,1007,1007,1007,1007,1007,1007,1007,1007,1007,1007,1007,1007,1007,1007,1007,1007,1007,1007,1007,1007,1007,1007,1007,1007,1007,1007,1007,0,1007,1007,1007,1007,1007,1007,1007
29,LIGHT,CLEAR,Morgan CRP,797,797,797,797,797,797,797,797,797,797,797,797,797,797,797,797,797,797,797,797,797,797,797,797,797,797,797,797,797,797,797,797,797,797,797,797,797,797,797,797,797,797,0,797,797,797,797,797,797,797
30,LIGHT,CLEAR,Morgan East Main,816,816,816,816,816,816,816,816,816,816,816,816,816,816,816,816,816,816,816,816,816,816,816,816,816,816,816,816,816,816,816,816,816,816,816,816,816,816,816,816,816,816,0,816,816,816,816,816,816,816
31,LIGHT,CLEAR,Safranek -NB,1007,1007,1007,1007,1007,1007,1007,1007,1007,1007,1007,1007,1007,1007,1007,1007,1007,1007,1007,1007,1007,1007,1007,1007,1007,1007,1007,1007,1007,1007,1007,1007,1007,1007,1007,1007,1007,1007,1007,1007,1007,1007,0,1007,1007,1007,1007,1007,1007,1007
32,LIGHT,CLEAR,bad bridge n,66,66,66,66,66,66,66,66,66,66,66,66,66,66,66,66,66,66,66,66,66,66,66,66,66,66,66,66,66,66,66,66,66,66,66,66,66,66,66,66,66,66,66,66,66,66,66,66,66,66
33,LIGHT,CLEAR,cementary,675,675,675,675,675,675,675,675,675,675,675,675,675,675,675,675,675,675,675,675,675,675,675,675,675,675,675,675,675,675,675,675,675,675,675,675,675,675,675,675,675,675,0,675,675,675,675,675,675,675
34,LIGHT,CLEAR,church,1428,1428,1428,1428,1428,1428,1428,1428,1428,1428,1428,1428,1428,1428,1428,1428,1428,1428,1428,1428,1428,1428,1428,1428,1428,1428,1428,1428,1428,1428,1428,1428,1428,1428,1428,1428,1428,1428,1428,1428,1428,1428,1428,1428,1428,1428,1428,1428,1428,1428
35,LIGHT,CLEAR,dariy barns,645,645,645,645,645,645,645,645,645,645,645,645,645,645,645,645,645,645,645,645,645,645,645,645,645,645,645,645,645,645,645,645,645,645,645,645,645,645,645,645,645,645,239,645,645,645,645,645,645,645
36,LIGHT,CLEAR,loading dock 2,124,124,124,124,124,124,124,124,124,124,124,124,124,124,124,124,124,124,124,124,124,124,124,124,124,124,124,124,124,124,124,124,124,124,124,124,124,124,124,124,124,124,0,124,124,124,124,124,124,124
37,LIGHT,CLEAR,loading docks,660,660,660,660,660,660,660,660,660,660,660,660,660,660,660,660,660,660,660,660,660,660,660,660,660,660,660,660,660,660,660,660,660,660,660,660,660,660,660,660,660,660,0,660,660,660,660,660,660,660
38,LIGHT,CLEAR,loading docks2,76,76,76,76,76,76,76,76,76,76,76,76,76,76,76,76,76,76,76,76,76,76,76,76,76,76,76,76,76,76,76,76,76,76,76,76,76,76,76,76,76,76,0,76,76,76,76,76,76,76
39,LIGHT,CLEAR,luknow,898,898,898,898,898,898,898,898,898,898,898,898,898,898,898,898,898,898,898,898,898,898,898,898,898,898,898,898,898,898,898,898,898,898,898,898,898,898,898,898,898,898,724,898,898,898,898,898,898,898
40,LIGHT,CLEAR,peanut patch,262,262,262,262,262,262,262,262,262,262,262,262,262,262,262,262,262,262,262,262,262,262,262,262,262,262,262,262,262,262,262,262,262,262,262,262,262,262,262,262,262,262,0,262,262,262,262,262,262,262
41,LIGHT,CLEAR,pivot south,345,345,345,345,345,345,345,345,345,345,345,345,345,345,345,345,345,345,345,345,345,345,345,345,345,345,345,345,345,345,345,345,345,345,345,345,345,345,345,345,345,345,0,345,345,345,345,345,345,345
42,LIGHT,CLEAR,sandhill church,1007,1007,1007,1007,1007,1007,1007,1007,1007,1007,1007,1007,1007,1007,1007,1007,1007,1007,1007,1007,1007,1007,1007,1007,1007,1007,1007,1007,1007,1007,1007,1007,1007,1007,1007,1007,1007,1007,1007,1007,1007,1007,0,1007,1007,1007,1007,1007,1007,1007
43,LIGHT,CLEAR,taylor,719,719,719,719,719,719,719,719,719,719,719,719,719,719,719,719,719,719,719,719,719,719,719,719,719,719,719,719,719,719,719,719,719,719,719,719,719,719,719,719,719,719,398,719,719,719,719,719,719,719
44,LIGHT,OVERCAST,Boies Bend North,540,540,540,540,540,540,540,540,540,540,540,540,540,540,540,540,540,540,540,540,540,540,540,540,540,540,540,540,540,540,540,540,540,540,540,540,540,540,540,540,540,540,540,540,540,540,540,540,540,540
45,LIGHT,OVERCAST,Pauls/home,466,466,466,466,466,466,466,466,466,466,466,466,466,466,466,466,466,466,466,466,466,466,466,466,466,466,466,466,466,466,466,466,466,466,466,466,466,466,466,466,466,466,0,466,466,466,466,466,466,466
46,LIGHT,OVERCAST,brian pasteur,908,908,908,908,908,908,908,908,908,908,908,908,908,908,908,908,908,908,908,908,908,908,908,908,908,908,908,908,908,908,908,908,908,908,908,908,908,908,908,908,908,908,0,908,908,908,908,908,908,908
47,LIGHT,OVERCAST,cementary,505,505,505,505,505,505,505,505,505,505,505,505,505,505,505,505,505,505,505,505,505,505,505,505,505,505,505,505,505,505,505,505,505,505,505,505,505,505,505,505,505,505,505,505,505,505,505,505,505,505
48,LIGHT,OVERCAST,finger,789,789,789,789,789,789,789,789,789,789,789,789,789,789,789,789,789,789,789,789,789,789,789,789,789,789,789,789,789,789,789,789,789,789,789,789,789,789,789,789,789,789,507,789,789,789,789,789,789,789
49,LIGHT,OVERCAST,hoffmans,839,839,839,839,839,839,839,839,839,839,839,839,839,839,839,839,839,839,839,839,839,839,839,839,839,839,839,839,839,839,839,839,839,839,839,839,839,839,839,839,839,839,0,839,839,839,839,839,839,839
50,LIGHT,OVERCAST,loading docks,998,998,998,998,998,998,998,998,998,998,998,998,998,998,998,998,998,998,998,998,998,998,998,998,998,998,998,998,998,998,998,998,998,998,998,998,998,998,998,998,998,998,0,998,998,998,998,998,998,998
51,LIGHT,OVERCAST,lowrys pivot,794,794,794,794,794,794,794,794,794,794,794,794,794,794,794,794,794,794,794,794,794,794,794,794,794,794,794,794,794,794,794,794,794,794,794,794,794,794,794,794,794,794,442,794,794,794,794,794,794,794
52,LIGHT,OVERCAST,mike doles,465,465,465,465,465,465,465,465,465,465,465,465,465,465,465,465,465,465,465,465,465,465,465,465,465,465,465,465,465,465,465,465,465,465,465,465,465,465,465,465,465,465,0,465,465,465,465,465,465,465
53,MEDIUM,CLEAR,1,1117,1117,1117,1117,1117,1117,1117,1117,1117,1117,1117,1117,1117,1117,1117,1117,1117,1117,1117,1117,1117,1117,1117,1117,1117,1117,1117,1117,1117,1117,1117,1117,1117,1117,1117,1117,1117,1117,1117,1117,1117,1117,0,1117,1117,1117,1117,1117,1117,1117
54,MEDIUM,CLEAR,100,84,84,84,84,84,84,84,84,84,84,84,84,84,84,84,84,84,84,84,84,84,84,84,84,84,84,84,84,84,84,84,84,84,84,84,84,84,84,84,84,84,84,0,84,84,84,84,84,84,84
55,MEDIUM,CLEAR,112,72,72,72,72,72,72,72,72,72,72,72,72,72,72,72,72,72,72,72,72,72,72,72,72,72,72,72,72,72,72,72,72,72,72,72,72,72,72,72,72,72,72,0,72,72,72,72,72,72,72
56,MEDIUM,CLEAR,15/13 ac,477,477,477,477,477,477,477,477,477,477,477,477,477,477,477,477,477,477,477,477,477,477,477,477,477,477,477,477,477,477,477,477,477,477,477,477,477,477,477,477,477,477,0,477,477,477,477,477,477,477
57,MEDIUM,CLEAR,210,84,84,84,84,84,84,84,84,84,84,84,84,84,84,84,84,84,84,84,84,84,84,84,84,84,84,84,84,84,84,84,84,84,84,84,84,84,84,84,84,84,84,0,84,84,84,84,84,84,84
58,MEDIUM,CLEAR,30 howard sipp,582,582,582,582,582,582,582,582,582,582,582,582,582,582,582,582,582,582,582,582,582,582,582,582,582,582,582,582,582,582,582,582,582,582,582,582,582,582,582,582,582,582,0,582,582,582,582,582,582,582
59,MEDIUM,CLEAR,6.5 Acres,509,509,509,509,509,509,509,509,509,509,509,509,509,509,509,509,509,509,509,509,509,509,509,509,509,509,509,509,509,509,509,509,509,509,509,509,509,509,509,509,509,509,0,509,509,509,509,509,509,509
60,MEDIUM,CLEAR,9 acre jims lane,74,74,74,74,74,74,74,74,74,74,74,74,74,74,74,74,74,74,74,74,74,74,74,74,74,74,74,74,74,74,74,74,74,74,74,74,74,74,74,74,74,74,0,74,74,74,74,74,74,74
61,MEDIUM,CLEAR,90,459,459,459,459,459,459,459,459,459,459,459,459,459,459,459,459,459,459,459,459,459,459,459,459,459,459,459,459,459,459,459,459,459,459,459,459,459,459,459,459,459,459,0,459,459,459,459,459,459,459
62,MEDIUM,CLEAR,94 ac,510,510,510,510,510,510,510,510,510,510,510,510,510,510,510,510,510,510,510,510,510,510,510,510,510,510,510,510,510,510,510,510,510,510,510,510,510,510,510,510,510,510,0,510,510,510,510,510,510,510
63,MEDIUM,CLEAR,Agronomy Strip Trials,660,660,660,660,660,660,660,660,660,660,660,660,660,660,660,660,660,660,660,660,660,660,660,660,660,660,660,660,660,660,660,660,660,660,660,660,660,660,660,660,660,660,660,660,660,660,660,660,660,660
64,MEDIUM,CLEAR,Amburgey,418,418,418,418,418,418,418,418,418,418,418,418,418,418,418,418,418,418,418,418,418,418,418,418,418,418,418,418,418,418,418,418,418,418,418,418,418,418,418,418,418,418,0,418,418,418,418,418,418,418
65,MEDIUM,CLEAR,Cement Bridge,1136,1136,1136,1136,1136,1136,1136,1136,1136,1136,1136,1136,1136,1136,1136,1136,1136,1136,1136,1136,1136,1136,1136,1136,1136,1136,1136,1136,1136,1136,1136,1136,1136,1136,1136,1136,1136,1136,1136,1136,1136,1136,0,1136,1136,1136,1136,1136,1136,1136
66,MEDIUM,CLEAR,Cook Farm,594,594,594,594,594,594,594,594,594,594,594,594,594,594,594,594,594,594,594,594,594,594,594,594,594,594,594,594,594,594,594,594,594,594,594,594,594,594,594,594,594,594,0,594,594,594,594,594,594,594
67,MEDIUM,CLEAR,E1,495,495,495,495,495,495,495,495,495,495,495,495,495,495,495,495,495,495,495,495,495,495,495,495,495,495,495,495,495,495,495,495,495,495,495,495,495,495,495,495,495,495,0,495,495,495,495,495,495,495
68,MEDIUM,CLEAR,East,1155,1155,1155,1155,1155,1155,1155,1155,1155,1155,1155,1155,1155,1155,1155,1155,1155,1155,1155,1155,1155,1155,1155,1155,1155,1155,1155,1155,1155,1155,1155,1155,1155,1155,1155,1155,1155,1155,1155,1155,1155,1155,751,1155,1155,1155,1155,1155,1155,1155
69,MEDIUM,CLEAR,East 40 NB,806,806,806,806,806,806,806,806,806,806,806,806,806,806,806,806,806,806,806,806,806,806,806,806,806,806,806,806,806,806,806,806,806,806,806,806,806,806,806,806,806,806,0,806,806,806,806,806,806,806
70,MEDIUM,CLEAR,Good Acres,679,679,679,679,679,679,679,679,679,679,679,679,679,679,679,679,679,679,679,679,679,679,679,679,679,679,679,679,679,679,679,679,679,679,679,679,679,679,679,679,679,679,679,679,679,679,679,679,679,679
71,MEDIUM,CLEAR,Hatchery Pivot,268,268,268,268,268,268,268,268,268,268,268,268,268,268,268,268,268,268,268,268,268,268,268,268,268,268,268,268,268,268,268,268,268,268,268,268,268,268,268,268,268,268,0,268,268,268,268,268,268,268
72,MEDIUM,CLEAR,K2,352,352,352,352,352,352,352,352,352,352,352,352,352,352,352,352,352,352,352,352,352,352,352,352,352,352,352,352,352,352,352,352,352,352,352,352,352,352,352,352,352,352,352,352,352,352,352,352,352,352
73,MEDIUM,CLEAR,Kirtley,158,158,158,158,158,158,158,158,158,158,158,158,158,158,158,158,158,158,158,158,158,158,158,158,158,158,158,158,158,158,158,158,158,158,158,158,158,158,158,158,158,158,0,158,158,158,158,158,158,158
74,MEDIUM,CLEAR,Kirtley east side,81,81,81,81,81,81,81,81,81,81,81,81,81,81,81,81,81,81,81,81,81,81,81,81,81,81,81,81,81,81,81,81,81,81,81,81,81,81,81,81,81,81,81,81,81,81,81,81,81,81
75,MEDIUM,CLEAR,Kixmiller,1568,1568,1568,1568,1568,1568,1568,1568,1568,1568,1568,1568,1568,1568,1568,1568,1568,1568,1568,1568,1568,1568,1568,1568,1568,1568,1568,1568,1568,1568,1568,1568,1568,1568,1568,1568,1568,1568,1568,1568,1568,1568,552,1568,1568,1568,1568,1568,1568,1568
76,MEDIUM,CLEAR,LS-11,88,88,88,88,88,88,88,88,88,88,88,88,88,88,88,88,88,88,88,88,88,88,88,88,88,88,88,88,88,88,88,88,88,88,88,88,88,88,88,88,88,88,0,88,88,88,88,88,88,88
77,MEDIUM,CLEAR,Narmi whole fields,1159,1159,1159,1159,1159,1159,1159,1159,1159,1159,1159,1159,1159,1159,1159,1159,1159,1159,1159,1159,1159,1159,1159,1159,1159,1159,1159,1159,1159,1159,1159,1159,1159,1159,1159,1159,1159,1159,1159,1159,1159,1159,0,1159,1159,1159,1159,1159,1159,1159
78,MEDIUM,CLEAR,North,457,457,457,457,457,457,457,457,457,457,457,457,457,457,457,457,457,457,457,457,457,457,457,457,457,457,457,457,457,457,457,457,457,457,457,457,457,457,457,457,457,457,0,457,457,457,457,457,457,457
79,MEDIUM,CLEAR,Northeast,512,512,512,512,512,512,512,512,512,512,512,512,512,512,512,512,512,512,512,512,512,512,512,512,512,512,512,512,512,512,512,512,512,512,512,512,512,512,512,512,512,512,0,512,512,512,512,512,512,512
80,MEDIUM,CLEAR,P4,288,288,288,288,288,288,288,288,288,288,288,288,288,288,288,288,288,288,288,288,288,288,288,288,288,288,288,288,288,288,288,288,288,288,288,288,288,288,288,288,288,288,288,288,288,288,288,288,288,288
81,MEDIUM,CLEAR,P7,132,132,132,132,132,132,132,132,132,132,132,132,132,132,132,132,132,132,132,132,132,132,132,132,132,132,132,132,132,132,132,132,132,132,132,132,132,132,132,132,132,132,132,132,132,132,132,132,132,132
82,MEDIUM,CLEAR,Rock Garden,711,711,711,711,711,711,711,711,711,711,711,711,711,711,711,711,711,711,711,711,711,711,711,711,711,711,711,711,711,711,711,711,711,711,711,711,711,711,711,711,711,711,0,711,711,711,711,711,711,711
83,MEDIUM,CLEAR,S#1,562,562,562,562,562,562,562,562,562,562,562,562,562,562,562,562,562,562,562,562,562,562,562,562,562,562,562,562,562,562,562,562,562,562,562,562,562,562,562,562,562,562,562,562,562,562,562,562,562,562
84,MEDIUM,CLEAR,Silo Field Patch,425,425,425,425,425,425,425,425,425,425,425,425,425,425,425,425,425,425,425,425,425,425,425,425,425,425,425,425,425,425,425,425,425,425,425,425,425,425,425,425,425,425,0,425,425,425,425,425,425,425
85,MEDIUM,CLEAR,South,103,103,103,103,103,103,103,103,103,103,103,103,103,103,103,103,103,103,103,103,103,103,103,103,103,103,103,103,103,103,103,103,103,103,103,103,103,103,103,103,103,103,103,103,103,103,103,103,103,103
86,MEDIUM,CLEAR,T3,59,59,59,59,59,59,59,59,59,59,59,59,59,59,59,59,59,59,59,59,59,59,59,59,59,59,59,59,59,59,59,59,59,59,59,59,59,59,59,59,59,59,0,59,59,59,59,59,59,59
87,MEDIUM,CLEAR,Tony Peterson West,394,394,394,394,394,394,394,394,394,394,394,394,394,394,394,394,394,394,394,394,394,394,394,394,394,394,394,394,394,394,394,394,394,394,394,394,394,394,394,394,394,394,0,394,394,394,394,394,394,394
88,MEDIUM,CLEAR,W2,58,58,58,58,58,58,58,58,58,58,58,58,58,58,58,58,58,58,58,58,58,58,58,58,58,58,58,58,58,58,58,58,58,58,58,58,58,58,58,58,58,58,58,58,58,58,58,58,58,58
89,MEDIUM,CLEAR,Walters,440,440,440,440,440,440,440,440,440,440,440,440,440,440,440,440,440,440,440,440,440,440,440,440,440,440,440,440,440,440,440,440,440,440,440,440,440,440,440,440,440,440,0,440,440,440,440,440,440,440
90,MEDIUM,CLEAR,West,82,82,82,82,82,82,82,82,82,82,82,82,82,82,82,82,82,82,82,82,82,82,82,82,82,82,82,82,82,82,82,82,82,82,82,82,82,82,82,82,82,82,82,82,82,82,82,82,82,82
91,MEDIUM,CLEAR,Worrell,650,650,650,650,650,650,650,650,650,650,650,650,650,650,650,650,650,650,650,650,650,650,650,650,650,650,650,650,650,650,650,650,650,650,650,650,650,650,650,650,650,650,0,650,650,650,650,650,650,650
92,MEDIUM,CLEAR,barkis section,895,895,895,895,895,895,895,895,895,895,895,895,895,895,895,895,895,895,895,895,895,895,895,895,895,895,895,895,895,895,895,895,895,895,895,895,895,895,895,895,895,895,895,895,895,895,895,895,895,895
93,MEDIUM,CLEAR,bern south west,65,65,65,65,65,65,65,65,65,65,65,65,65,65,65,65,65,65,65,65,65,65,65,65,65,65,65,65,65,65,65,65,65,65,65,65,65,65,65,65,65,65,65,65,65,65,65,65,65,65
94,MEDIUM,CLEAR,engellman_MICO,714,714,714,714,714,714,714,714,714,714,714,714,714,714,714,714,714,714,714,714,714,714,714,714,714,714,714,714,714,714,714,714,714,714,714,714,714,714,714,714,714,714,714,714,714,714,714,714,714,714
95,MEDIUM,CLEAR,h pille n22,543,543,543,543,543,543,543,543,543,543,543,543,543,543,543,543,543,543,543,543,543,543,543,543,543,543,543,543,543,543,543,543,543,543,543,543,543,543,543,543,543,543,0,543,543,543,543,543,543,543
96,MEDIUM,CLEAR,half section,70,70,70,70,70,70,70,70,70,70,70,70,70,70,70,70,70,70,70,70,70,70,70,70,70,70,70,70,70,70,70,70,70,70,70,70,70,70,70,70,70,70,0,70,70,70,70,70,70,70
97,MEDIUM,CLEAR,high flat,923,923,923,923,923,923,923,923,923,923,923,923,923,923,923,923,923,923,923,923,923,923,923,923,923,923,923,923,923,923,923,923,923,923,923,923,923,923,923,923,923,923,0,923,923,923,923,923,923,923
98,MEDIUM,CLEAR,leathers west,466,466,466,466,466,466,466,466,466,466,466,466,466,466,466,466,466,466,466,466,466,466,466,466,466,466,466,466,466,466,466,466,466,466,466,466,466,466,466,466,466,466,0,466,466,466,466,466,466,466
99,MEDIUM,CLEAR,melcher east,625,625,625,625,625,625,625,625,625,625,625,625,625,625,625,625,625,625,625,625,625,625,625,625,625,625,625,625,625,625,625,625,625,625,625,625,625,625,625,625,625,625,625,625,625,625,625,625,625,625
100,MEDIUM,CLEAR,melcher west,527,527,527,527,527,527,527,527,527,527,527,527,527,527,527,527,527,527,527,527,527,527,527,527,527,527,527,527,527,527,527,527,527,527,527,527,527,527,527,527,527,527,527,527,527,527,527,527,527,527
101,MEDIUM,CLEAR,mv 1,865,865,865,865,865,865,865,865,865,865,865,865,865,865,865,865,865,865,865,865,865,865,865,865,865,865,865,865,865,865,865,865,865,865,865,865,865,865,865,865,865,865,865,865,865,865,865,865,865,865
102,MEDIUM,CLEAR,mv13,572,572,572,572,572,572,572,572,572,572,572,572,572,572,572,572,572,572,572,572,572,572,572,572,572,572,572,572,572,572,572,572,572,572,572,572,572,572,572,572,572,572,572,572,572,572,572,572,572,572
103,MEDIUM,CLEAR,north east,23,23,23,23,23,23,23,23,23,23,23,23,23,23,23,23,23,23,23,23,23,23,23,23,23,23,23,23,23,23,23,23,23,23,23,23,23,23,23,23,23,23,23,23,23,23,23,23,23,23
104,MEDIUM,CLEAR,north strip,267,267,267,267,267,267,267,267,267,267,267,267,267,267,267,267,267,267,267,267,267,267,267,267,267,267,267,267,267,267,267,267,267,267,267,267,267,267,267,267,267,267,267,267,267,267,267,267,267,267
105,MEDIUM,CLEAR,scrivner west,610,610,610,610,610,610,610,610,610,610,610,610,610,610,610,610,610,610,610,610,610,610,610,610,610,610,610,610,610,610,610,610,610,610,610,610,610,610,610,610,610,610,610,610,610,610,610,610,610,610
106,MEDIUM,CLEAR,shawn west,615,615,615,615,615,615,615,615,615,615,615,615,615,615,615,615,615,615,615,615,615,615,615,615,615,615,615,615,615,615,615,615,615,615,615,615,615,615,615,615,615,615,614,615,615,615,615,615,615,615
107,MEDIUM,CLEAR,stewart 40,580,580,580,580,580,580,580,580,580,580,580,580,580,580,580,580,580,580,580,580,580,580,580,580,580,580,580,580,580,580,580,580,580,580,580,580,580,580,580,580,580,580,0,580,580,580,580,580,580,580
108,MEDIUM,OVERCAST,22&23,263,263,263,263,263,263,263,263,263,263,263,263,263,263,263,263,263,263,263,263,263,263,263,263,263,263,263,263,263,263,263,263,263,263,263,263,263,263,263,263,263,263,0,263,263,263,263,263,263,263
109,MEDIUM,OVERCAST,23,761,761,761,761,761,761,761,761,761,761,761,761,761,761,761,761,761,761,761,761,761,761,761,761,761,761,761,761,761,761,761,761,761,761,761,761,761,761,761,761,761,761,0,761,761,761,761,761,761,761
110,MEDIUM,OVERCAST,6,341,341,341,341,341,341,341,341,341,341,341,341,341,341,341,341,341,341,341,341,341,341,341,341,341,341,341,341,341,341,341,341,341,341,341,341,341,341,341,341,341,341,341,341,341,341,341,341,341,341
111,MEDIUM,OVERCAST,632 Meyer Dr east,716,716,716,716,716,716,716,716,716,716,716,716,716,716,716,716,716,716,716,716,716,716,716,716,716,716,716,716,716,716,716,716,716,716,716,716,716,716,716,716,716,716,716,716,716,716,716,716,716,716
112,MEDIUM,OVERCAST,7,516,516,516,516,516,516,516,516,516,516,516,516,516,516,516,516,516,516,516,516,516,516,516,516,516,516,516,516,516,516,516,516,516,516,516,516,516,516,516,516,516,516,190,516,516,516,516,516,516,516
113,MEDIUM,OVERCAST,8,319,319,319,319,319,319,319,319,319,319,319,319,319,319,319,319,319,319,319,319,319,319,319,319,319,319,319,319,319,319,319,319,319,319,319,319,319,319,319,319,319,319,0,319,319,319,319,319,319,319
114,MEDIUM,OVERCAST,Boies Bend North,116,116,116,116,116,116,116,116,116,116,116,116,116,116,116,116,116,116,116,116,116,116,116,116,116,116,116,116,116,116,116,116,116,116,116,116,116,116,116,116,116,116,116,116,116,116,116,116,116,116
115,MEDIUM,OVERCAST,Cementary,457,457,457,457,457,457,457,457,457,457,457,457,457,457,457,457,457,457,457,457,457,457,457,457,457,457,457,457,457,457,457,457,457,457,457,457,457,457,457,457,457,457,0,457,457,457,457,457,457,457
116,MEDIUM,OVERCAST,Dahl Across from Swede's,761,761,761,761,761,761,761,761,761,761,761,761,761,761,761,761,761,761,761,761,761,761,761,761,761,761,761,761,761,761,761,761,761,761,761,761,761,761,761,761,761,761,0,761,761,761,761,761,761,761
117,MEDIUM,OVERCAST,Ester West,78,78,78,78,78,78,78,78,78,78,78,78,78,78,78,78,78,78,78,78,78,78,78,78,78,78,78,78,78,78,78,78,78,78,78,78,78,78,78,78,78,78,0,78,78,78,78,78,78,78
118,MEDIUM,OVERCAST,Hanson North,690,690,690,690,690,690,690,690,690,690,690,690,690,690,690,690,690,690,690,690,690,690,690,690,690,690,690,690,690,690,690,690,690,690,690,690,690,690,690,690,690,690,690,690,690,690,690,690,690,690
119,MEDIUM,OVERCAST,Hanson South,595,595,595,595,595,595,595,595,595,595,595,595,595,595,595,595,595,595,595,595,595,595,595,595,595,595,595,595,595,595,595,595,595,595,595,595,595,595,595,595,595,595,595,595,595,595,595,595,595,595
120,MEDIUM,OVERCAST,Heirs,1478,1478,1478,1478,1478,1478,1478,1478,1478,1478,1478,1478,1478,1478,1478,1478,1478,1478,1478,1478,1478,1478,1478,1478,1478,1478,1478,1478,1478,1478,1478,1478,1478,1478,1478,1478,1478,1478,1478,1478,1478,1478,908,1478,1478,1478,1478,1478,1478,1478
121,MEDIUM,OVERCAST,Kenyon east,62,62,62,62,62,62,62,62,62,62,62,62,62,62,62,62,62,62,62,62,62,62,62,62,62,62,62,62,62,62,62,62,62,62,62,62,62,62,62,62,62,62,62,62,62,62,62,62,62,62
122,MEDIUM,OVERCAST,MO21,1867,1867,1867,1867,1867,1867,1867,1867,1867,1867,1867,1867,1867,1867,1867,1867,1867,1867,1867,1867,1867,1867,1867,1867,1867,1867,1867,1867,1867,1867,1867,1867,1867,1867,1867,1867,1867,1867,1867,1867,1867,1867,0,1867,1867,1867,1867,1867,1867,1867
123,MEDIUM,OVERCAST,MO23,687,687,687,687,687,687,687,687,687,687,687,687,687,687,687,687,687,687,687,687,687,687,687,687,687,687,687,687,687,687,687,687,687,687,687,687,687,687,687,687,687,687,0,687,687,687,687,687,687,687
124,MEDIUM,OVERCAST,Mike Erbes North Gordon,724,724,724,724,724,724,724,724,724,724,724,724,724,724,724,724,724,724,724,724,724,724,724,724,724,724,724,724,724,724,724,724,724,724,724,724,724,724,724,724,724,724,724,724,724,724,724,724,724,724
125,MEDIUM,OVERCAST,Mike Erbes South Gordon,778,778,778,778,778,778,778,778,778,778,778,778,778,778,778,778,778,778,778,778,778,778,778,778,778,778,778,778,778,778,778,778,778,778,778,778,778,778,778,778,778,778,778,778,778,778,778,778,778,778
126,MEDIUM,OVERCAST,Pauls/home,196,196,196,196,196,196,196,196,196,196,196,196,196,196,196,196,196,196,196,196,196,196,196,196,196,196,196,196,196,196,196,196,196,196,196,196,196,196,196,196,196,196,0,196,196,196,196,196,196,196
127,MEDIUM,OVERCAST,Sinclair,123,123,123,123,123,123,123,123,123,123,123,123,123,123,123,123,123,123,123,123,123,123,123,123,123,123,123,123,123,123,123,123,123,123,123,123,123,123,123,123,123,123,0,123,123,123,123,123,123,123
128,MEDIUM,OVERCAST,Steffel East + West,986,986,986,986,986,986,986,986,986,986,986,986,986,986,986,986,986,986,986,986,986,986,986,986,986,986,986,986,986,986,986,986,986,986,986,986,986,986,986,986,986,986,285,986,986,986,986,986,986,986
129,MEDIUM,OVERCAST,Top,480,480,480,480,480,480,480,480,480,480,480,480,480,480,480,480,480,480,480,480,480,480,480,480,480,480,480,480,480,480,480,480,480,480,480,480,480,480,480,480,480,480,0,480,480,480,480,480,480,480
130,MEDIUM,OVERCAST,Town,452,452,452,452,452,452,452,452,452,452,452,452,452,452,452,452,452,452,452,452,452,452,452,452,452,452,452,452,452,452,452,452,452,452,452,452,452,452,452,452,452,452,0,452,452,452,452,452,452,452
131,MEDIUM,OVERCAST,behind pivots,251,251,251,251,251,251,251,251,251,251,251,251,251,251,251,251,251,251,251,251,251,251,251,251,251,251,251,251,251,251,251,251,251,251,251,251,251,251,251,251,251,251,0,251,251,251,251,251,251,251
132,MEDIUM,OVERCAST,bhind pivot east,656,656,656,656,656,656,656,656,656,656,656,656,656,656,656,656,656,656,656,656,656,656,656,656,656,656,656,656,656,656,656,656,656,656,656,656,656,656,656,656,656,656,0,656,656,656,656,656,656,656
133,MEDIUM,OVERCAST,bhind pivot east1,404,404,404,404,404,404,404,404,404,404,404,404,404,404,404,404,404,404,404,404,404,404,404,404,404,404,404,404,404,404,404,404,404,404,404,404,404,404,404,404,404,404,404,404,404,404,404,404,404,404
134,MEDIUM,OVERCAST,bhind pivot northend,81,81,81,81,81,81,81,81,81,81,81,81,81,81,81,81,81,81,81,81,81,81,81,81,81,81,81,81,81,81,81,81,81,81,81,81,81,81,81,81,81,81,0,81,81,81,81,81,81,81
135,MEDIUM,OVERCAST,bhind pivot west,949,949,949,949,949,949,949,949,949,949,949,949,949,949,949,949,949,949,949,949,949,949,949,949,949,949,949,949,949,949,949,949,949,949,949,949,949,949,949,949,949,949,0,949,949,949,949,949,949,949
136,MEDIUM,OVERCAST,bhind pivot wmid,659,659,659,659,659,659,659,659,659,659,659,659,659,659,659,659,659,659,659,659,659,659,659,659,659,659,659,659,659,659,659,659,659,659,659,659,659,659,659,659,659,659,0,659,659,659,659,659,659,659
137,MEDIUM,OVERCAST,dexter river,123,123,123,123,123,123,123,123,123,123,123,123,123,123,123,123,123,123,123,123,123,123,123,123,123,123,123,123,123,123,123,123,123,123,123,123,123,123,123,123,123,123,0,123,123,123,123,123,123,123
138,MEDIUM,OVERCAST,holliman east,1154,1154,1154,1154,1154,1154,1154,1154,1154,1154,1154,1154,1154,1154,1154,1154,1154,1154,1154,1154,1154,1154,1154,1154,1154,1154,1154,1154,1154,1154,1154,1154,1154,1154,1154,1154,1154,1154,1154,1154,1154,1154,1154,1154,1154,1154,1154,1154,1154,1154
139,MEDIUM,OVERCAST,lowrys north60,896,896,896,896,896,896,896,896,896,896,896,896,896,896,896,896,896,896,896,896,896,896,896,896,896,896,896,896,896,896,896,896,896,896,896,896,896,896,896,896,896,896,896,896,896,896,896,896,896,896
140,MEDIUM,OVERCAST,tupelo 33&17,743,743,743,743,743,743,743,743,743,743,743,743,743,743,743,743,743,743,743,743,743,743,743,743,743,743,743,743,743,743,743,743,743,743,743,743,743,743,743,743,743,743,0,743,743,743,743,743,743,743
